"cnes","ano","te_sfa"
8028,2015,0.922274115385042
8036,2015,0.908733426122177
8052,2015,0.677631021785634
8923,2015,0.911999768101124
9601,2015,0.49504175882604
9628,2015,0.951208088278392
2022621,2015,0.81440072333231
2022648,2015,0.841551729376569
2023016,2015,0.850501238129567
2023474,2015,0.913247665766509
2023709,2015,0.859863471766994
2024691,2015,0.81729762805622
2024756,2015,0.820061446199737
2025361,2015,0.908898515302456
2025477,2015,0.820764970151831
2025507,2015,0.774792017411573
2025752,2015,0.574441311938582
2026805,2015,0.756911207391369
2027186,2015,0.884176260556747
2027356,2015,0.934177757685659
2028204,2015,0.667747557502786
2028239,2015,0.888338893146324
2028840,2015,0.533989425059038
2040069,2015,0.925152548422866
2058308,2015,0.874924086455176
2058790,2015,0.928493793000612
2065665,2015,0.846905905754974
2066092,2015,0.99935305750774
2066572,2015,0.714943373292672
2069776,2015,0.91475547976316
2071568,2015,0.709428075437561
2075717,2015,0.881886234694754
2075962,2015,0.891984582157767
2076896,2015,0.927812843742332
2076926,2015,0.910166126593333
2077388,2015,0.926862172126075
2077396,2015,0.937864900120473
2077426,2015,0.999352261293908
2077434,2015,0.999348623087603
2077450,2015,0.926862549008899
2077477,2015,0.85310215888361
2077485,2015,0.84713452670599
2077493,2015,0.823516785069232
2077507,2015,0.0534337465146703
2077523,2015,0.907842218490614
2077531,2015,0.468165294244432
2077574,2015,0.999350220043382
2077582,2015,0.864707993823208
2077590,2015,0.646707175686589
2077620,2015,0.999351125823315
2077639,2015,0.910104675057035
2077647,2015,0.77116603291713
2077655,2015,0.504615136267601
2077671,2015,0.999351575320594
2077701,2015,0.874947077381375
2078015,2015,0.942172209006144
2078074,2015,0.820318344432487
2078104,2015,0.999351914870249
2078139,2015,0.899548991087149
2078155,2015,0.659634938990565
2078252,2015,0.89785142740179
2078287,2015,0.794932215248267
2078295,2015,0.879986295770615
2078414,2015,0.814346110073326
2078465,2015,0.661884386355031
2078473,2015,0.903067344145511
2078503,2015,0.893162081016412
2078511,2015,0.832701921165791
2078562,2015,0.999350869318369
2078775,2015,0.787770504314832
2078848,2015,0.740116354134144
2079097,2015,0.83752722632821
2079135,2015,0.831270490880662
2079186,2015,0.936601016487559
2079232,2015,0.755349542671498
2079240,2015,0.857070829919891
2079356,2015,0.729924111879018
2079364,2015,0.573129031011946
2079410,2015,0.820023131844892
2079593,2015,0.900076065249492
2079615,2015,0.891869948264337
2079704,2015,0.841892564196185
2079720,2015,0.81920003368044
2079798,2015,0.881001049917054
2079828,2015,0.999349438539261
2079836,2015,0.764298602478773
2079860,2015,0.859931288889048
2079895,2015,0.854995605292225
2079925,2015,0.859189327657984
2080028,2015,0.92298066139943
2080044,2015,0.732192694871274
2080052,2015,0.888626608791741
2080079,2015,0.906016146927959
2080087,2015,0.817400056178283
2080095,2015,0.895870429551977
2080125,2015,0.804742740746161
2080222,2015,0.459968322064025
2080273,2015,0.999347254259094
2080281,2015,0.730702145795841
2080338,2015,0.99935109507156
2080346,2015,0.914606282267265
2080354,2015,0.517227564680678
2080400,2015,0.834050568694622
2080478,2015,0.797639846308997
2080532,2015,0.418840127473331
2080575,2015,0.254188485947565
2080583,2015,0.927727793209698
2080664,2015,0.788816047105444
2080680,2015,0.999349787105475
2080923,2015,0.805329133796845
2080931,2015,0.751891750396762
2080958,2015,0.795696114782568
2081059,2015,0.93728796997846
2081083,2015,0.999348982944185
2081091,2015,0.907991537638489
2081105,2015,0.753670350682541
2081164,2015,0.770992329378769
2081253,2015,0.607376512362499
2081261,2015,0.836840138252311
2081350,2015,0.846454117014493
2081377,2015,0.784285015286926
2081458,2015,0.843753291508819
2081490,2015,0.910646071345715
2081512,2015,0.737510130555734
2081555,2015,0.895477766065342
2081695,2015,0.840963931167304
2081814,2015,0.783786535506754
2081873,2015,0.865668331945052
2081970,2015,0.943586660357313
2082098,2015,0.851991110090354
2082128,2015,0.830090646972225
2082179,2015,0.166946485964275
2082187,2015,0.937613084206398
2082225,2015,0.911948875630469
2082322,2015,0.829960034375685
2082349,2015,0.934804251655056
2082381,2015,0.938236959410244
2082519,2015,0.705637055855484
2082527,2015,0.738456928195217
2082586,2015,0.808789831756981
2082594,2015,0.860517623285821
2082632,2015,0.818242828095551
2082640,2015,0.846096630247002
2082659,2015,0.819164950558783
2082667,2015,0.889671398143328
2082691,2015,0.835073478522975
2082721,2015,0.868873060545083
2082748,2015,0.836122375423359
2082810,2015,0.640201071170792
2082829,2015,0.928683059224512
2082845,2015,0.868929478380141
2082853,2015,0.753376024989552
2082861,2015,0.947357258472635
2082888,2015,0.703166564563759
2082926,2015,0.80620521291698
2083019,2015,0.999351155096526
2083027,2015,0.752039428728744
2083051,2015,0.873730994496936
2083086,2015,0.812139315139153
2083094,2015,0.698955652005774
2083116,2015,0.393340545183873
2083140,2015,0.684577187694731
2083175,2015,0.790689257062749
2083604,2015,0.832587542047714
2083876,2015,0.878836330206237
2083981,2015,0.999349975920675
2084058,2015,0.764200099995358
2084163,2015,0.999350170483092
2084171,2015,0.881318239197459
2084228,2015,0.78250014213204
2084414,2015,0.816090098929468
2084422,2015,0.779166075020483
2084473,2015,0.901587513305116
2085194,2015,0.679510050039788
2087057,2015,0.802946078917572
2087103,2015,0.827787534250887
2087111,2015,0.786974892482803
2087219,2015,0.924055962603588
2087618,2015,0.893064575559287
2087715,2015,0.939100562911982
2087804,2015,0.99935226481324
2088193,2015,0.831406465705004
2088487,2015,0.889240067186314
2088495,2015,0.66085538191169
2088525,2015,0.728767910192232
2088576,2015,0.999343896547082
2089327,2015,0.718924464586557
2089335,2015,0.762081229680094
2089785,2015,0.634770172127194
2090236,2015,0.921083932951842
2090961,2015,0.725068428157489
2091267,2015,0.788577054806532
2091313,2015,0.807429946646985
2091399,2015,0.904986427416097
2091585,2015,0.999350251797688
2091755,2015,0.892943098885811
2092298,2015,0.906978481035152
2092611,2015,0.733195469427549
2093324,2015,0.808452275599331
2093332,2015,0.810457537565755
2096412,2015,0.845244930681806
2096463,2015,0.818078709484618
2096498,2015,0.871685647945009
2097613,2015,0.0630260969042903
2097877,2015,0.902174091444781
2688433,2015,0.858019639728709
2688573,2015,0.914198297141858
2688689,2015,0.86149283579367
2698374,2015,0.833063361919483
2698471,2015,0.929197691380015
2699915,2015,0.632285655173276
2702193,2015,0.86944895260801
2704900,2015,0.785899110540319
2705222,2015,0.865326967982326
2705982,2015,0.915543375259304
2708566,2015,0.0554246303544562
2708779,2015,0.923388753042982
2716097,2015,0.908370001111653
2745798,2015,0.840112147550374
2748029,2015,0.33862001305385
2748223,2015,0.918023656477118
2748568,2015,0.857470163534482
2749319,2015,0.903888199900431
2750511,2015,0.909490111453006
2750546,2015,0.999349188443471
2750988,2015,0.663767790946334
2751003,2015,0.816643602007772
2751038,2015,0.86947236943504
2751046,2015,0.871729478053025
2751623,2015,0.82209415567939
2751704,2015,0.753192358028076
2754843,2015,0.831137275909407
2755092,2015,0.847411042526344
2755130,2015,0.999353106755864
2758245,2015,0.832120296486691
2765934,2015,0.836989810978412
2765942,2015,0.84023807404977
2772310,2015,0.814836294459315
2774720,2015,0.845442108155607
2784602,2015,0.873450738217272
2785188,2015,0.910504484572799
2785382,2015,0.778108404073523
2786435,2015,0.913341907955004
2786680,2015,0.947505425336935
2790556,2015,0.999347500309023
2790564,2015,0.672046294059882
2790580,2015,0.999353163443857
2790602,2015,0.999349413999568
2790610,2015,0.7864738516314
2790637,2015,0.83747265029665
2790734,2015,0.337772613233357
2791676,2015,0.826151780833133
2791692,2015,0.783846258323379
2791722,2015,0.881461788869585
2791749,2015,0.843007509331007
2792141,2015,0.999354691222766
2792168,2015,0.999352440223861
2792176,2015,0.999352252488807
2798298,2015,0.901975749511377
3012212,2015,0.948239150313187
3021378,2015,0.915710260574405
3028399,2015,0.999347559513524
3126838,2015,0.999345850268207
3139050,2015,0.942976792838387
3212130,2015,0.928181724650262
3774554,2015,0.947363660733607
4049020,2015,0.721884792668257
5200105,2015,0.938338023306186
5366828,2015,0.911900561234403
5420938,2015,0.948034961881811
5586348,2015,0.638002521861943
5718368,2015,0.956943554676341
5860490,2015,0.740881922982674
5935857,2015,0.893065741405535
6020917,2015,0.924412824202887
6053858,2015,0.939279312190522
6095666,2015,0.932570282190905
6123740,2015,0.87561695386054
6164366,2015,0.901253263369543
6236596,2015,0.999350646805998
6878687,2015,0.999344666775347
6943284,2015,0.916413196398875
6966594,2015,0.934850978704067
7320175,2015,0.69558127251737
7373465,2015,0.860527968382462
7473702,2015,0.936701099631531
7573162,2015,0.999351866863116
7580770,2015,0.902684905220446
7711980,2015,0.974248256532054
8028,2016,0.93575278323342
8036,2016,0.909840149576439
8052,2016,0.58102484363849
8923,2016,0.907470544501533
9601,2016,0.491967877710704
9628,2016,0.947414564023524
2022621,2016,0.806551343885216
2022648,2016,0.895327808376948
2023016,2016,0.852680238833471
2023474,2016,0.909620041923058
2023709,2016,0.858606169134713
2024691,2016,0.756214502300369
2024756,2016,0.82328170557705
2025361,2016,0.904256440678804
2025477,2016,0.805756238895478
2025507,2016,0.77928695422712
2025752,2016,0.520965583499166
2026805,2016,0.762350455647413
2027186,2016,0.863287064344994
2027356,2016,0.935413358686818
2028204,2016,0.674519935713465
2028239,2016,0.886902918372845
2028840,2016,0.437095911547955
2040069,2016,0.919787455984193
2058308,2016,0.888318656349449
2058790,2016,0.917353449843575
2065665,2016,0.874307714026875
2066092,2016,0.999354774335919
2066572,2016,0.746977590063568
2069776,2016,0.904366012552063
2071568,2016,0.641868163368928
2075717,2016,0.904224148096905
2075962,2016,0.898858268239427
2076896,2016,0.924760400215361
2076926,2016,0.915962167415343
2077388,2016,0.904067021002822
2077396,2016,0.934004485566549
2077426,2016,0.99935242894128
2077434,2016,0.999349090300159
2077450,2016,0.928461899206329
2077477,2016,0.84622525891585
2077485,2016,0.817415157573965
2077493,2016,0.84599984735601
2077507,2016,0.0414432515360351
2077523,2016,0.90653322711976
2077531,2016,0.455249445534196
2077574,2016,0.999351399864424
2077582,2016,0.852199950202223
2077590,2016,0.541920391759852
2077620,2016,0.999351092535503
2077639,2016,0.920730190789689
2077647,2016,0.784901360566102
2077655,2016,0.39166658130031
2077671,2016,0.999351903874547
2077701,2016,0.867238977276179
2078015,2016,0.939053866830578
2078074,2016,0.762064524692176
2078104,2016,0.999352448814796
2078139,2016,0.904145797443909
2078155,2016,0.552933129523371
2078252,2016,0.899322546182467
2078287,2016,0.806200784112224
2078295,2016,0.890017173683357
2078414,2016,0.806243894605532
2078465,2016,0.64891135959942
2078473,2016,0.796258411969979
2078503,2016,0.890842006187952
2078511,2016,0.811073733487916
2078562,2016,0.999351280038285
2078775,2016,0.763441248172652
2078848,2016,0.774892254970095
2079097,2016,0.854167691362761
2079135,2016,0.85250066162605
2079186,2016,0.940502895074394
2079232,2016,0.794903704832397
2079240,2016,0.892319602934413
2079356,2016,0.6273864860231
2079364,2016,0.621165926757196
2079410,2016,0.826132340867171
2079593,2016,0.909229959400638
2079615,2016,0.898875649302661
2079704,2016,0.834016588409221
2079720,2016,0.792698881694014
2079798,2016,0.887525617238791
2079828,2016,0.999350068618512
2079836,2016,0.792548446755545
2079860,2016,0.797291761543956
2079895,2016,0.821324626424887
2079925,2016,0.843644717252384
2080028,2016,0.916811821691324
2080044,2016,0.773896888644854
2080052,2016,0.893915938844374
2080079,2016,0.9082362647683
2080087,2016,0.837812679578927
2080095,2016,0.861244748894277
2080125,2016,0.810677363894773
2080222,2016,0.466510165466149
2080273,2016,0.999347664877666
2080281,2016,0.736212389335632
2080338,2016,0.999351232279804
2080346,2016,0.916002138582788
2080354,2016,0.484483892581799
2080400,2016,0.841595195228699
2080478,2016,0.762765205095786
2080532,2016,0.458832366101046
2080575,2016,0.269213949134807
2080583,2016,0.929847002753639
2080664,2016,0.813913222371332
2080680,2016,0.99934998675489
2080923,2016,0.795030225060475
2080931,2016,0.800091461859366
2080958,2016,0.760254260071359
2081059,2016,0.927578045282495
2081083,2016,0.999346867019733
2081091,2016,0.902541582731711
2081105,2016,0.748972787322808
2081164,2016,0.841762062490664
2081253,2016,0.648416701427149
2081261,2016,0.811595525557352
2081350,2016,0.841001486135793
2081377,2016,0.774839601024663
2081458,2016,0.835700520590615
2081490,2016,0.91239315004291
2081512,2016,0.679150254424728
2081555,2016,0.865057590859457
2081695,2016,0.844082634117983
2081814,2016,0.778665269601232
2081873,2016,0.853029224872284
2081970,2016,0.941232218801491
2082098,2016,0.841610979464995
2082128,2016,0.84518687054541
2082179,2016,0.314341792686503
2082187,2016,0.938650867581599
2082225,2016,0.920817199003194
2082322,2016,0.842639368082313
2082349,2016,0.934266018306133
2082381,2016,0.926420053755694
2082519,2016,0.744700364994639
2082527,2016,0.739004617538351
2082586,2016,0.830396497039763
2082594,2016,0.862470166721832
2082632,2016,0.825539256785999
2082640,2016,0.83340378011203
2082659,2016,0.843753524310059
2082667,2016,0.871568753069178
2082691,2016,0.834240773123851
2082721,2016,0.855441068955123
2082748,2016,0.833453267089639
2082810,2016,0.641915036709231
2082829,2016,0.924637641462908
2082845,2016,0.865720275751473
2082853,2016,0.739598950904992
2082861,2016,0.94918626243335
2082888,2016,0.713717088006161
2082926,2016,0.81474946776133
2083019,2016,0.999350654805881
2083027,2016,0.780749017542018
2083051,2016,0.816319538262426
2083086,2016,0.806178135453084
2083094,2016,0.614417280683866
2083116,2016,0.393934961226932
2083140,2016,0.664881054521004
2083175,2016,0.794706280044007
2083604,2016,0.809510913869791
2083876,2016,0.877803581421899
2083981,2016,0.999351154329857
2084058,2016,0.745057845404282
2084163,2016,0.999350004281284
2084171,2016,0.867376943948216
2084228,2016,0.713117195388771
2084414,2016,0.819854263802924
2084422,2016,0.793097776241102
2084473,2016,0.906599383174318
2085194,2016,0.65518748972034
2087057,2016,0.786554638447584
2087103,2016,0.854583127884406
2087111,2016,0.77576957042258
2087219,2016,0.919329160762762
2087618,2016,0.895501676041893
2087715,2016,0.934731379320337
2087804,2016,0.999352215451303
2088193,2016,0.817421629490242
2088487,2016,0.872971333971942
2088495,2016,0.63580583863298
2088525,2016,0.758682942560141
2088576,2016,0.999343880485591
2089327,2016,0.715404630143581
2089335,2016,0.763560757646116
2089785,2016,0.653601990020877
2090236,2016,0.920053529421758
2090961,2016,0.687598243954151
2091267,2016,0.788194815181445
2091313,2016,0.883969327119573
2091399,2016,0.905160246832959
2091585,2016,0.999351744300122
2091755,2016,0.897430077685429
2092298,2016,0.91447495774616
2092611,2016,0.733249817053823
2093324,2016,0.85625066746904
2093332,2016,0.824431532546967
2096412,2016,0.854756029708021
2096463,2016,0.793336318451709
2096498,2016,0.896886027994299
2097613,2016,0.113455725001178
2097877,2016,0.8799927344684
2688433,2016,0.857368670691491
2688573,2016,0.922029000429593
2688689,2016,0.788765069285562
2698374,2016,0.84411251362259
2698471,2016,0.929329344957449
2699915,2016,0.78046831233988
2702193,2016,0.876137701510022
2704900,2016,0.806870576762747
2705222,2016,0.866258268953972
2705982,2016,0.911851027046219
2708566,2016,0.0323017612283303
2708779,2016,0.900748721462962
2716097,2016,0.914113962637617
2745798,2016,0.8799357001218
2748029,2016,0.367536452459057
2748223,2016,0.915197513523632
2748568,2016,0.855425434453921
2749319,2016,0.903333894970354
2750511,2016,0.907500043971142
2750546,2016,0.999349388476337
2750988,2016,0.62704754171256
2751003,2016,0.82301192314484
2751038,2016,0.87269856303665
2751046,2016,0.900278950792442
2751623,2016,0.839458101548795
2751704,2016,0.735618280371602
2754843,2016,0.84929457096012
2755092,2016,0.855893082042963
2755130,2016,0.999352841145257
2758245,2016,0.891665047079405
2765934,2016,0.877610449974537
2765942,2016,0.802289850575135
2772310,2016,0.782208985776535
2774720,2016,0.826187311733874
2784602,2016,0.866366356630599
2785188,2016,0.937996535287238
2785382,2016,0.759389804724132
2786435,2016,0.90918721358099
2786680,2016,0.948733834263566
2790556,2016,0.999347552342868
2790564,2016,0.532314315555093
2790580,2016,0.999353337485205
2790602,2016,0.999349748891835
2790610,2016,0.6380801346772
2790637,2016,0.869700362658658
2790734,2016,0.379272714136391
2791676,2016,0.843304580047123
2791692,2016,0.756111722149553
2791722,2016,0.865946358661286
2791749,2016,0.832925813303671
2792141,2016,0.999355233113103
2792168,2016,0.999352600770081
2792176,2016,0.999353694655264
2798298,2016,0.900374274629709
3012212,2016,0.942110607024075
3021378,2016,0.908677357635042
3028399,2016,0.99934918310334
3126838,2016,0.999346137291059
3139050,2016,0.942710131894934
3212130,2016,0.940835859115315
3774554,2016,0.944887347494734
4049020,2016,0.75428369832745
5200105,2016,0.931888015859121
5366828,2016,0.922337162727081
5420938,2016,0.954592587529999
5586348,2016,0.796592903854762
5718368,2016,0.962645937939586
5860490,2016,0.692424837777423
5935857,2016,0.906750298772706
6020917,2016,0.930142376720286
6053858,2016,0.94064080868081
6095666,2016,0.919799503374398
6123740,2016,0.870387325016198
6164366,2016,0.901556466043712
6236596,2016,0.999350871028572
6878687,2016,0.999343908740211
6943284,2016,0.909263962293796
6966594,2016,0.93935445463246
7320175,2016,0.741012084092901
7373465,2016,0.854690988774191
7473702,2016,0.946753809641508
7573162,2016,0.999354894781323
7580770,2016,0.916663330243775
7711980,2016,0.86545459192452
8028,2017,0.925916460017094
8036,2017,0.921015343904641
8052,2017,0.567597210389081
8923,2017,0.897867716489068
9601,2017,0.50945159636436
9628,2017,0.947065229456005
2022621,2017,0.82936126515512
2022648,2017,0.895620420077303
2023016,2017,0.861662423967191
2023474,2017,0.920146643118614
2023709,2017,0.856827396122904
2024691,2017,0.79115816594899
2024756,2017,0.850937655676629
2025361,2017,0.921217322235624
2025477,2017,0.794094544337531
2025507,2017,0.768685657203405
2025752,2017,0.475018580519815
2026805,2017,0.751641494165278
2027186,2017,0.873494100113804
2027356,2017,0.941849849748709
2028204,2017,0.715337525375266
2028239,2017,0.8973911629428
2028840,2017,0.409072139480242
2040069,2017,0.927282947723571
2058308,2017,0.891781151925512
2058790,2017,0.893948204072501
2065665,2017,0.897207044420554
2066092,2017,0.99935399699096
2066572,2017,0.798795923826888
2069776,2017,0.919407663729177
2071568,2017,0.627232512112169
2075717,2017,0.88663595708439
2075962,2017,0.877112348290464
2076896,2017,0.92845398360367
2076926,2017,0.911613047746585
2077388,2017,0.908319851963285
2077396,2017,0.916841363115562
2077426,2017,0.999352118028492
2077434,2017,0.999348976017743
2077450,2017,0.930276579409893
2077477,2017,0.848343121754845
2077485,2017,0.749094823118331
2077493,2017,0.851643284296221
2077507,2017,0.0485596282819161
2077523,2017,0.901660013557646
2077531,2017,0.461268747456988
2077574,2017,0.999351235188866
2077582,2017,0.830524331119242
2077590,2017,0.402707263964923
2077620,2017,0.999351466349613
2077639,2017,0.916400005527465
2077647,2017,0.816513221392815
2077655,2017,0.394773185138732
2077671,2017,0.999351768131352
2077701,2017,0.843468567114249
2078015,2017,0.944498897952382
2078074,2017,0.804411217346076
2078104,2017,0.999352092154744
2078139,2017,0.837697024689732
2078155,2017,0.610229460752828
2078252,2017,0.894258805637309
2078287,2017,0.753018129990624
2078295,2017,0.900738199235815
2078414,2017,0.791030082512604
2078465,2017,0.584235494587895
2078473,2017,0.862401182949341
2078503,2017,0.881359441531806
2078511,2017,0.793819916046387
2078562,2017,0.999351417243941
2078775,2017,0.777723658582035
2078848,2017,0.805979944711629
2079097,2017,0.873259633985779
2079135,2017,0.842489729255975
2079186,2017,0.941063048941783
2079232,2017,0.820151314113662
2079240,2017,0.883957261202311
2079356,2017,0.625462328589208
2079364,2017,0.649920593531347
2079410,2017,0.863731759877203
2079593,2017,0.911775421652066
2079615,2017,0.908449963729792
2079704,2017,0.834011907370546
2079720,2017,0.810432077316643
2079798,2017,0.894260426552752
2079828,2017,0.999350325443677
2079836,2017,0.833989569433854
2079860,2017,0.833372397868241
2079895,2017,0.801847049539987
2079925,2017,0.859564452797504
2080028,2017,0.932341884026814
2080044,2017,0.743772994740482
2080052,2017,0.915174016706342
2080079,2017,0.903424641047246
2080087,2017,0.853470787502701
2080095,2017,0.852113739905345
2080125,2017,0.770948844006208
2080222,2017,0.547594197418253
2080273,2017,0.999347401366647
2080281,2017,0.569834708781175
2080338,2017,0.999350991498777
2080346,2017,0.887427722596166
2080354,2017,0.425474638884193
2080400,2017,0.852594121679596
2080478,2017,0.785266633932782
2080532,2017,0.543251253829599
2080575,2017,0.246062439590738
2080583,2017,0.921598031261892
2080664,2017,0.813699061841691
2080680,2017,0.999350393444789
2080923,2017,0.811837710819968
2080931,2017,0.806213136993969
2080958,2017,0.790050950577905
2081059,2017,0.927137345930289
2081083,2017,0.999347115215814
2081091,2017,0.902785115625799
2081105,2017,0.811108989926507
2081164,2017,0.78403603539487
2081253,2017,0.653340660551604
2081261,2017,0.818496045171891
2081350,2017,0.846988573148633
2081377,2017,0.810182143380402
2081458,2017,0.82022602477839
2081490,2017,0.907547766111486
2081512,2017,0.78209037648871
2081555,2017,0.863833442157772
2081695,2017,0.826979043475211
2081814,2017,0.779750706600459
2081873,2017,0.832785808632269
2081970,2017,0.942273708273133
2082098,2017,0.842148946944169
2082128,2017,0.814158400452958
2082179,2017,0.347192555999849
2082187,2017,0.939285359256203
2082225,2017,0.922743478698492
2082322,2017,0.870374569335731
2082349,2017,0.932175962261988
2082381,2017,0.919674804218526
2082519,2017,0.79589080527468
2082527,2017,0.733756825131407
2082586,2017,0.846246009698807
2082594,2017,0.8355084583423
2082632,2017,0.826851950423305
2082640,2017,0.862157915400669
2082659,2017,0.850652859397597
2082667,2017,0.902931754291288
2082691,2017,0.798106453927628
2082721,2017,0.895334713295964
2082748,2017,0.838222706887916
2082810,2017,0.617932323610436
2082829,2017,0.919022801781605
2082845,2017,0.872226946094316
2082853,2017,0.767407005088322
2082861,2017,0.944408826380946
2082888,2017,0.716622421085357
2082926,2017,0.846174411225619
2083019,2017,0.999352203213756
2083027,2017,0.831974102058849
2083051,2017,0.525408300466631
2083086,2017,0.734015418876535
2083094,2017,0.692800535855717
2083116,2017,0.388525392178144
2083140,2017,0.674585617610329
2083175,2017,0.780528151375242
2083604,2017,0.835337134834349
2083876,2017,0.873603780060174
2083981,2017,0.999351264415598
2084058,2017,0.766952975240334
2084163,2017,0.999349578797456
2084171,2017,0.868032745252248
2084228,2017,0.717889300070627
2084414,2017,0.842028322314488
2084422,2017,0.7551298109317
2084473,2017,0.905810047669498
2085194,2017,0.661101706414999
2087057,2017,0.750867185034257
2087103,2017,0.852411358794559
2087111,2017,0.822528405329911
2087219,2017,0.909891005532275
2087618,2017,0.894602553052675
2087715,2017,0.926555634814316
2087804,2017,0.99935192879793
2088193,2017,0.810196428573555
2088487,2017,0.854471814128162
2088495,2017,0.590867428382011
2088525,2017,0.751765204450227
2088576,2017,0.999344421615565
2089327,2017,0.742172329334848
2089335,2017,0.781394680272797
2089785,2017,0.657518122252348
2090236,2017,0.916696840657038
2090961,2017,0.679087287587396
2091267,2017,0.80601402381344
2091313,2017,0.886068925029641
2091399,2017,0.905744798949878
2091585,2017,0.999351782511218
2091755,2017,0.907610712205867
2092298,2017,0.863098939628334
2092611,2017,0.712233383044471
2093324,2017,0.852726362245551
2093332,2017,0.771626939877598
2096412,2017,0.907564818670053
2096463,2017,0.803423713787856
2096498,2017,0.871370479288393
2097613,2017,0.120335583626145
2097877,2017,0.875837609916
2688433,2017,0.860843790468202
2688573,2017,0.924131666905143
2688689,2017,0.809111170424337
2698374,2017,0.846024639901683
2698471,2017,0.926560041718281
2699915,2017,0.882430171762737
2702193,2017,0.882883232181155
2704900,2017,0.783597471733701
2705222,2017,0.870027275612489
2705982,2017,0.918248097332191
2708566,2017,0.0191554265437004
2708779,2017,0.908439854838644
2716097,2017,0.92142653645058
2745798,2017,0.86852579773208
2748029,2017,0.39813126350641
2748223,2017,0.908669369524919
2748568,2017,0.875741608410713
2749319,2017,0.891564761855533
2750511,2017,0.915557268163712
2750546,2017,0.999349266349906
2750988,2017,0.649662390241785
2751003,2017,0.838049613884435
2751038,2017,0.875638514646259
2751046,2017,0.88461612380203
2751623,2017,0.840113808065888
2751704,2017,0.736066951320202
2754843,2017,0.853303172854251
2755092,2017,0.849541370933899
2755130,2017,0.999352581906635
2758245,2017,0.863472351454183
2765934,2017,0.874860014155612
2765942,2017,0.810316415034396
2772310,2017,0.787272176489656
2774720,2017,0.839655227810849
2784602,2017,0.884397301627377
2785188,2017,0.937271764747269
2785382,2017,0.732819614471943
2786435,2017,0.90678534618205
2786680,2017,0.948024305365769
2790556,2017,0.999347602805801
2790564,2017,0.395334581386748
2790580,2017,0.999351763858887
2790602,2017,0.999349363205511
2790610,2017,0.690532430648007
2790637,2017,0.834375932743416
2790734,2017,0.559294568644847
2791676,2017,0.860747794864245
2791692,2017,0.76207947421748
2791722,2017,0.862800923711355
2791749,2017,0.852234970425013
2792141,2017,0.999355723451997
2792168,2017,0.999352538585952
2792176,2017,0.999353739293877
2798298,2017,0.90720824048353
3012212,2017,0.947762118200253
3021378,2017,0.922081164431812
3028399,2017,0.999348909580736
3126838,2017,0.999346551232132
3139050,2017,0.945594458774183
3212130,2017,0.942242717021437
3774554,2017,0.937801956662343
4049020,2017,0.790248894578338
5200105,2017,0.930152823426447
5366828,2017,0.933612136853274
5420938,2017,0.95645258539128
5586348,2017,0.806998625771815
5718368,2017,0.962888994423754
5860490,2017,0.722493582956947
5935857,2017,0.907216495883671
6020917,2017,0.936582549843933
6053858,2017,0.93154652037419
6095666,2017,0.92659410478171
6123740,2017,0.864212885089448
6164366,2017,0.889688652911893
6236596,2017,0.99935055520585
6878687,2017,0.99934545610648
6943284,2017,0.890503082994403
6966594,2017,0.93424806476143
7320175,2017,0.764427463576005
7373465,2017,0.867149172004104
7473702,2017,0.922754731046011
7573162,2017,0.999353043607906
7580770,2017,0.916341539284959
7711980,2017,0.822590335075276
8028,2018,0.918391679088899
8036,2018,0.905299454642402
8052,2018,0.553659284866517
8923,2018,0.913065433661159
9601,2018,0.58309954594062
9628,2018,0.950244439342874
2022621,2018,0.799004801660409
2022648,2018,0.893609147951384
2023016,2018,0.867297504738245
2023474,2018,0.916827547762598
2023709,2018,0.853013138549461
2024691,2018,0.816674255751177
2024756,2018,0.849789889316142
2025361,2018,0.929787975478154
2025477,2018,0.795232516280976
2025507,2018,0.671523204428393
2025752,2018,0.443645488231429
2026805,2018,0.765528295556417
2027186,2018,0.882310214234614
2027356,2018,0.934915242399731
2028204,2018,0.688322517104862
2028239,2018,0.901586606541264
2028840,2018,0.395689712122891
2040069,2018,0.931643213043702
2058308,2018,0.881219922918393
2058790,2018,0.896620610230521
2065665,2018,0.907254447467342
2066092,2018,0.999353700160755
2066572,2018,0.772384289952022
2069776,2018,0.921928858262908
2071568,2018,0.703235901202074
2075717,2018,0.88809962121847
2075962,2018,0.820627612418179
2076896,2018,0.930227638226367
2076926,2018,0.866304604318869
2077388,2018,0.920602081478091
2077396,2018,0.927006770721818
2077426,2018,0.999352476586596
2077434,2018,0.99934901636927
2077450,2018,0.932829781911762
2077477,2018,0.825265070122258
2077485,2018,0.772861235790869
2077493,2018,0.862432339827021
2077507,2018,0.0667369543717977
2077523,2018,0.876747800758288
2077531,2018,0.44985061911925
2077574,2018,0.999351077686666
2077582,2018,0.818566418472383
2077590,2018,0.404028946296143
2077620,2018,0.999351414280805
2077639,2018,0.916119339554715
2077647,2018,0.760911032247493
2077655,2018,0.44259239569133
2077671,2018,0.999351814188296
2077701,2018,0.839338007279291
2078015,2018,0.941830551244904
2078074,2018,0.827794763256283
2078104,2018,0.999351671836876
2078139,2018,0.764211955505192
2078155,2018,0.560475713392052
2078252,2018,0.831518227446531
2078287,2018,0.775744038060081
2078295,2018,0.912475562315321
2078414,2018,0.803192459094514
2078465,2018,0.538194182365706
2078473,2018,0.879012169240834
2078503,2018,0.870676413294334
2078511,2018,0.778718102179015
2078562,2018,0.999350955981647
2078775,2018,0.789954979026135
2078848,2018,0.807201151429878
2079097,2018,0.877018131741358
2079135,2018,0.859342076648872
2079186,2018,0.936706250402344
2079232,2018,0.819760437820513
2079240,2018,0.871437019253459
2079356,2018,0.658112700188776
2079364,2018,0.770064575899606
2079410,2018,0.851689157350048
2079593,2018,0.909149208766354
2079615,2018,0.862867505716683
2079704,2018,0.858539499636824
2079720,2018,0.700861861398904
2079798,2018,0.876689197413587
2079828,2018,0.999350178176735
2079836,2018,0.843823274548138
2079860,2018,0.83295579887918
2079895,2018,0.824646244030054
2079925,2018,0.864966914027963
2080028,2018,0.919506655052552
2080044,2018,0.719805024716436
2080052,2018,0.913723395107125
2080079,2018,0.907160095347127
2080087,2018,0.863067714585492
2080095,2018,0.861755306466663
2080125,2018,0.708968470793832
2080222,2018,0.57666020798057
2080273,2018,0.999347396451516
2080281,2018,0.509716290613597
2080338,2018,0.99935208592561
2080346,2018,0.8867955734694
2080354,2018,0.432143126069753
2080400,2018,0.837420105755553
2080478,2018,0.699580756633704
2080532,2018,0.477269471889749
2080575,2018,0.131784846233621
2080583,2018,0.911310233187332
2080664,2018,0.884729517848935
2080680,2018,0.999350056235944
2080923,2018,0.806111343179499
2080931,2018,0.834320874810578
2080958,2018,0.809165120992775
2081059,2018,0.931747470294248
2081083,2018,0.999347316757247
2081091,2018,0.912143175251154
2081105,2018,0.799769972371084
2081164,2018,0.782959294857034
2081253,2018,0.624214139283569
2081261,2018,0.857762055671489
2081350,2018,0.823933083606221
2081377,2018,0.804070084224175
2081458,2018,0.833371347228248
2081490,2018,0.910498256324155
2081512,2018,0.767731351802569
2081555,2018,0.854454458054372
2081695,2018,0.790316942409852
2081814,2018,0.776501283247095
2081873,2018,0.846279009237053
2081970,2018,0.939719957207867
2082098,2018,0.852777129126878
2082128,2018,0.829709595766707
2082179,2018,0.376018667680211
2082187,2018,0.932136324527416
2082225,2018,0.929978841104916
2082322,2018,0.835179565209675
2082349,2018,0.935657953659221
2082381,2018,0.91164294307447
2082519,2018,0.798899658304784
2082527,2018,0.803388936956007
2082586,2018,0.822699541546974
2082594,2018,0.868933543483335
2082632,2018,0.819563240912801
2082640,2018,0.87382921003604
2082659,2018,0.875837841616402
2082667,2018,0.894960805059926
2082691,2018,0.806541479400336
2082721,2018,0.889731812090226
2082748,2018,0.840196822042579
2082810,2018,0.580441218222108
2082829,2018,0.923026637940595
2082845,2018,0.838072504090714
2082853,2018,0.76811092228787
2082861,2018,0.94112562316056
2082888,2018,0.768484898169883
2082926,2018,0.842369720367239
2083019,2018,0.999351282299256
2083027,2018,0.840326187227562
2083051,2018,0.621543325663151
2083086,2018,0.759904057167464
2083094,2018,0.796674983956648
2083116,2018,0.465596063816502
2083140,2018,0.653949091441044
2083175,2018,0.780200292176357
2083604,2018,0.838295160528996
2083876,2018,0.873832787130384
2083981,2018,0.999350995463887
2084058,2018,0.796184467192462
2084163,2018,0.999349776019404
2084171,2018,0.870424767063317
2084228,2018,0.751630652735275
2084414,2018,0.844500322536751
2084422,2018,0.787239686817094
2084473,2018,0.926644386784447
2085194,2018,0.690845054281978
2087057,2018,0.766324232898239
2087103,2018,0.871552995261214
2087111,2018,0.810802895006909
2087219,2018,0.916308351947748
2087618,2018,0.931353086147958
2087715,2018,0.947898624939533
2087804,2018,0.999351487393934
2088193,2018,0.698558983285
2088487,2018,0.804033399116208
2088495,2018,0.604215221828584
2088525,2018,0.816077087491753
2088576,2018,0.999344559057197
2089327,2018,0.729977025468731
2089335,2018,0.752711567608181
2089785,2018,0.685672692339502
2090236,2018,0.912348410129009
2090961,2018,0.664483627664348
2091267,2018,0.797364291427374
2091313,2018,0.836638081076935
2091399,2018,0.898509836163476
2091585,2018,0.999351930177165
2091755,2018,0.915115537114534
2092298,2018,0.873979804404695
2092611,2018,0.804518716276799
2093324,2018,0.835194552450483
2093332,2018,0.766846155980579
2096412,2018,0.900004502966537
2096463,2018,0.780203501154721
2096498,2018,0.890839351494887
2097613,2018,0.263849989233975
2097877,2018,0.892961880509835
2688433,2018,0.853591861035827
2688573,2018,0.930757193276384
2688689,2018,0.802418665245196
2698374,2018,0.837627043133526
2698471,2018,0.928248279419253
2699915,2018,0.899297886655426
2702193,2018,0.873609498998435
2704900,2018,0.785650893323042
2705222,2018,0.866084577452772
2705982,2018,0.916765779299405
2708566,2018,0.0248425240449111
2708779,2018,0.918208332177046
2716097,2018,0.919607576026419
2745798,2018,0.869535932120179
2748029,2018,0.387756281159011
2748223,2018,0.91452312190899
2748568,2018,0.868228592314221
2749319,2018,0.888650899388442
2750511,2018,0.891931729398983
2750546,2018,0.999349829948964
2750988,2018,0.674006553440438
2751003,2018,0.818151198076122
2751038,2018,0.883256662444764
2751046,2018,0.881187471703157
2751623,2018,0.836165961521962
2751704,2018,0.726899804045122
2754843,2018,0.889115008308325
2755092,2018,0.861540739703398
2755130,2018,0.999352533764561
2758245,2018,0.867830181131876
2765934,2018,0.883819656256327
2765942,2018,0.840121661398552
2772310,2018,0.764360628721512
2774720,2018,0.796053843022395
2784602,2018,0.877978746284289
2785188,2018,0.936621840785153
2785382,2018,0.665142607019609
2786435,2018,0.911926992752029
2786680,2018,0.948242174469305
2790556,2018,0.999348049900852
2790564,2018,0.405417353565888
2790580,2018,0.999351772132622
2790602,2018,0.999349386690413
2790610,2018,0.842831175588627
2790637,2018,0.855612004408884
2790734,2018,0.504265241462146
2791676,2018,0.847976109943654
2791692,2018,0.74141201249152
2791722,2018,0.857163268090697
2791749,2018,0.855316035000905
2792141,2018,0.999355367751465
2792168,2018,0.999352345819127
2792176,2018,0.999353700220232
2798298,2018,0.905290043607982
3012212,2018,0.946220014384228
3021378,2018,0.9301220289774
3028399,2018,0.999348705944402
3126838,2018,0.999346789386033
3139050,2018,0.945890996670671
3212130,2018,0.940776813029916
3774554,2018,0.923702678547233
4049020,2018,0.827447300315579
5200105,2018,0.934560919449441
5366828,2018,0.936282601543337
5420938,2018,0.953289030292404
5586348,2018,0.799684746609456
5718368,2018,0.961722274962327
5860490,2018,0.748450297712265
5935857,2018,0.911228357492842
6020917,2018,0.92748906526091
6053858,2018,0.878362390798335
6095666,2018,0.944163072450285
6123740,2018,0.844478779281279
6164366,2018,0.908290808292064
6236596,2018,0.999350961575173
6878687,2018,0.999345894007915
6943284,2018,0.911032087169751
6966594,2018,0.933386542423267
7320175,2018,0.742658320153498
7373465,2018,0.845507358216187
7473702,2018,0.910269878017991
7573162,2018,0.999354829250522
7580770,2018,0.897353906476755
7711980,2018,0.847729654474268
8028,2019,0.897733979082647
8036,2019,0.908021746502393
8052,2019,0.728548515069797
8923,2019,0.932249121491956
9601,2019,0.643230358964412
9628,2019,0.953365822722457
2022621,2019,0.831128573902571
2022648,2019,0.796518998255981
2023016,2019,0.872752007614855
2023474,2019,0.91673723662785
2023709,2019,0.863427510427998
2024691,2019,0.85155284404136
2024756,2019,0.837164284356581
2025361,2019,0.928326297219958
2025477,2019,0.789863232196373
2025507,2019,0.838520352040174
2025752,2019,0.418471404512301
2026805,2019,0.786010939866215
2027186,2019,0.861041865053278
2027356,2019,0.936047894890869
2028204,2019,0.650068490864464
2028239,2019,0.900396200150454
2028840,2019,0.395394661787216
2040069,2019,0.927328358404679
2058308,2019,0.880512156049801
2058790,2019,0.907270741531623
2065665,2019,0.906134803515532
2066092,2019,0.999353812274796
2066572,2019,0.771252525223883
2069776,2019,0.921165591847828
2071568,2019,0.711071560043676
2075717,2019,0.8971575042435
2075962,2019,0.868963308525769
2076896,2019,0.930885668398619
2076926,2019,0.883464977476954
2077388,2019,0.923390517027443
2077396,2019,0.921990972191982
2077426,2019,0.999352277071487
2077434,2019,0.999348789101075
2077450,2019,0.932549725050908
2077477,2019,0.845561986389283
2077485,2019,0.814643965768662
2077493,2019,0.865470295315169
2077507,2019,0.0840771200251957
2077523,2019,0.850981476981071
2077531,2019,0.424370803734286
2077574,2019,0.999351111834032
2077582,2019,0.812056278031374
2077590,2019,0.416616534255141
2077620,2019,0.999350813357082
2077639,2019,0.912215724079302
2077647,2019,0.7900440284861
2077655,2019,0.405054700853845
2077671,2019,0.999352233556638
2077701,2019,0.834713445832856
2078015,2019,0.940753590638197
2078074,2019,0.848701038909339
2078104,2019,0.999351606746758
2078139,2019,0.721583996693943
2078155,2019,0.453543743695178
2078252,2019,0.852826599182781
2078287,2019,0.80534315847721
2078295,2019,0.911939958599608
2078414,2019,0.815028870595896
2078465,2019,0.503668521508069
2078473,2019,0.888688549483047
2078503,2019,0.851720393885796
2078511,2019,0.826631222263686
2078562,2019,0.999350811888115
2078775,2019,0.745826981798634
2078848,2019,0.773403830484382
2079097,2019,0.878130136764036
2079135,2019,0.862094615552389
2079186,2019,0.929596184309893
2079232,2019,0.847548580630919
2079240,2019,0.858204707696091
2079356,2019,0.713204416556519
2079364,2019,0.752186887745772
2079410,2019,0.846434037254195
2079593,2019,0.918045297791685
2079615,2019,0.812205040893754
2079704,2019,0.910580416731936
2079720,2019,0.779799304819634
2079798,2019,0.870280564128369
2079828,2019,0.999349303752786
2079836,2019,0.856488483344857
2079860,2019,0.849734603829148
2079895,2019,0.827910324719133
2079925,2019,0.896080246245282
2080028,2019,0.92872123521587
2080044,2019,0.699248302459791
2080052,2019,0.911554115868189
2080079,2019,0.890034201367224
2080087,2019,0.848362414339928
2080095,2019,0.860192483483593
2080125,2019,0.743008526510534
2080222,2019,0.619089222130866
2080273,2019,0.999348214095317
2080281,2019,0.534567509065069
2080338,2019,0.999351693044138
2080346,2019,0.873681260734916
2080354,2019,0.32653837552574
2080400,2019,0.840476227449323
2080478,2019,0.846110137009363
2080532,2019,0.50168406473372
2080575,2019,0.130456141448047
2080583,2019,0.91331709919604
2080664,2019,0.887007343109712
2080680,2019,0.999349823037294
2080923,2019,0.811304315194262
2080931,2019,0.8305568945816
2080958,2019,0.802530090880777
2081059,2019,0.917841240373733
2081083,2019,0.999346488455975
2081091,2019,0.906554032542584
2081105,2019,0.825015909878424
2081164,2019,0.802301791373158
2081253,2019,0.6092970439934
2081261,2019,0.839493057975547
2081350,2019,0.831860559304646
2081377,2019,0.821985662913428
2081458,2019,0.845946213315776
2081490,2019,0.908437689447093
2081512,2019,0.796986129040444
2081555,2019,0.876043862666654
2081695,2019,0.999348182694695
2081814,2019,0.783822652718313
2081873,2019,0.887188720942582
2081970,2019,0.936846171449271
2082098,2019,0.886608309340725
2082128,2019,0.824184115058224
2082179,2019,0.335211716117192
2082187,2019,0.93361744816064
2082225,2019,0.92195994874543
2082322,2019,0.823787544484172
2082349,2019,0.937679807912595
2082381,2019,0.914323520184686
2082519,2019,0.744281961455788
2082527,2019,0.807205370843493
2082586,2019,0.823567017899364
2082594,2019,0.847179028254148
2082632,2019,0.793978973967193
2082640,2019,0.87704978449605
2082659,2019,0.877497628076824
2082667,2019,0.904021121073913
2082691,2019,0.756978582032547
2082721,2019,0.890745101559426
2082748,2019,0.833472838308453
2082810,2019,0.59266267296606
2082829,2019,0.934020298288993
2082845,2019,0.793639914543002
2082853,2019,0.76573112526286
2082861,2019,0.946170875203851
2082888,2019,0.758388698203604
2082926,2019,0.86963704882029
2083019,2019,0.999352358110592
2083027,2019,0.852303121464072
2083051,2019,0.63690111155574
2083086,2019,0.7473629185126
2083094,2019,0.796812732619668
2083116,2019,0.496785882971366
2083140,2019,0.621095886160925
2083175,2019,0.819602564509645
2083604,2019,0.840932866695997
2083876,2019,0.9062388660785
2083981,2019,0.999350684545423
2084058,2019,0.81514386082061
2084163,2019,0.999349457747484
2084171,2019,0.870391734639035
2084228,2019,0.761054696347028
2084414,2019,0.835202573406993
2084422,2019,0.816485348961646
2084473,2019,0.910670764301723
2085194,2019,0.655920793288008
2087057,2019,0.75950699510678
2087103,2019,0.87177985446166
2087111,2019,0.802715728179703
2087219,2019,0.915871316691974
2087618,2019,0.926611810790277
2087715,2019,0.948963518647559
2087804,2019,0.999351261190442
2088193,2019,0.733720384816386
2088487,2019,0.809126074299539
2088495,2019,0.605503108506738
2088525,2019,0.808248361519906
2088576,2019,0.999344739351846
2089327,2019,0.74768810419805
2089335,2019,0.736413615930118
2089785,2019,0.713190714928579
2090236,2019,0.909729849451697
2090961,2019,0.650878143626229
2091267,2019,0.802452515637698
2091313,2019,0.867830756233089
2091399,2019,0.893027268459665
2091585,2019,0.999352227209004
2091755,2019,0.912812598674769
2092298,2019,0.864830237079686
2092611,2019,0.777879132178874
2093324,2019,0.837300102299723
2093332,2019,0.736850366720139
2096412,2019,0.898003767624336
2096463,2019,0.769136586247136
2096498,2019,0.893666357626038
2097613,2019,0.398174576326412
2097877,2019,0.885831096935998
2688433,2019,0.862774569224444
2688573,2019,0.909123450412831
2688689,2019,0.838233745714086
2698374,2019,0.852000656374144
2698471,2019,0.778326892388591
2699915,2019,0.901693125511987
2702193,2019,0.863204904096892
2704900,2019,0.815281949129022
2705222,2019,0.843099644792783
2705982,2019,0.914307451133512
2708566,2019,0.0407298077598848
2708779,2019,0.908990601962659
2716097,2019,0.906602237663628
2745798,2019,0.893873588669945
2748029,2019,0.464708409011166
2748223,2019,0.924520551584321
2748568,2019,0.85208020408752
2749319,2019,0.895697897982274
2750511,2019,0.874884263525933
2750546,2019,0.999349224686715
2750988,2019,0.630182197475006
2751003,2019,0.804737175996331
2751038,2019,0.870642972883626
2751046,2019,0.89213990217009
2751623,2019,0.840058533062495
2751704,2019,0.712351344343183
2754843,2019,0.886624466084223
2755092,2019,0.851071279171915
2755130,2019,0.999352571409567
2758245,2019,0.907241651733652
2765934,2019,0.878188844135305
2765942,2019,0.828921265088767
2772310,2019,0.769921400340081
2774720,2019,0.810320127094915
2784602,2019,0.873268340987742
2785188,2019,0.931370018396968
2785382,2019,0.64473591555639
2786435,2019,0.921460382368175
2786680,2019,0.939434002834865
2790556,2019,0.999347774204792
2790564,2019,0.441192443625361
2790580,2019,0.999351094225057
2790602,2019,0.999349949347198
2790610,2019,0.894700690772071
2790637,2019,0.836344197697997
2790734,2019,0.532400285096464
2791676,2019,0.844728403397005
2791692,2019,0.77162008595596
2791722,2019,0.845378172891779
2791749,2019,0.854034658671581
2792141,2019,0.999355232672403
2792168,2019,0.999353137394373
2792176,2019,0.99935339712586
2798298,2019,0.894240473029653
3012212,2019,0.94786891117284
3021378,2019,0.922287893792659
3028399,2019,0.999349132536137
3126838,2019,0.999346377560092
3139050,2019,0.946002873364402
3212130,2019,0.938953007523926
3774554,2019,0.881211672958883
4049020,2019,0.790192361790759
5200105,2019,0.936113270585651
5366828,2019,0.937617308316659
5420938,2019,0.953259373657403
5586348,2019,0.80890181365537
5718368,2019,0.961374046679247
5860490,2019,0.657105423443518
5935857,2019,0.906391710940864
6020917,2019,0.92893622577546
6053858,2019,0.919656141927369
6095666,2019,0.944822980884036
6123740,2019,0.83684071249986
6164366,2019,0.922308842658771
6236596,2019,0.999350724632989
6878687,2019,0.999345708120804
6943284,2019,0.921463731658186
6966594,2019,0.933373361367221
7320175,2019,0.75004404198766
7373465,2019,0.832774668995802
7473702,2019,0.914262247662306
7573162,2019,0.999354726292846
7580770,2019,0.875369654677986
7711980,2019,0.906964366685371
8028,2020,0.906649544140313
8036,2020,0.933525206002617
8052,2020,0.54648395360786
8923,2020,0.913494412121682
9601,2020,0.715056347081879
9628,2020,0.957893235719412
2022621,2020,0.873623611630107
2022648,2020,0.352259570844244
2023016,2020,0.88045972743443
2023474,2020,0.890524797760395
2023709,2020,0.87817474699547
2024691,2020,0.862384693718241
2024756,2020,0.879205531321765
2025361,2020,0.912057700496105
2025477,2020,0.726370269385933
2025507,2020,0.849936463918392
2025752,2020,0.381224775898622
2026805,2020,0.777654682735743
2027186,2020,0.858705186442384
2027356,2020,0.941354937807485
2028204,2020,0.502920376475285
2028239,2020,0.912115323140412
2028840,2020,0.305195072755893
2040069,2020,0.935740754905047
2058308,2020,0.91504022252757
2058790,2020,0.92478219198685
2065665,2020,0.930543415900792
2066092,2020,0.999353782235236
2066572,2020,0.787101485276279
2069776,2020,0.932788046225604
2071568,2020,0.774134196708761
2075717,2020,0.893966636205464
2075962,2020,0.578660898917152
2076896,2020,0.926861632133676
2076926,2020,0.899941765823366
2077388,2020,0.939917583642622
2077396,2020,0.921958510785023
2077426,2020,0.999352018334981
2077434,2020,0.999348897467408
2077450,2020,0.918777822326954
2077477,2020,0.865002390041567
2077485,2020,0.80566409781891
2077493,2020,0.841162640799536
2077507,2020,0.109171694654581
2077523,2020,0.829993214250413
2077531,2020,0.457191858429267
2077574,2020,0.999350562160492
2077582,2020,0.767402558324733
2077590,2020,0.455750171228779
2077620,2020,0.999351146814608
2077639,2020,0.90830761019495
2077647,2020,0.821817161178553
2077655,2020,0.433194197925481
2077671,2020,0.999352475617262
2077701,2020,0.860107881537694
2078015,2020,0.909110576465937
2078074,2020,0.864702672579023
2078104,2020,0.999350100020294
2078139,2020,0.657131302092707
2078155,2020,0.283312915130736
2078252,2020,0.854650715186842
2078287,2020,0.771447519033248
2078295,2020,0.898820304317303
2078414,2020,0.82268533091526
2078465,2020,0.409596069483666
2078473,2020,0.895289240649681
2078503,2020,0.920913057175625
2078511,2020,0.803725176087798
2078562,2020,0.999350750569799
2078775,2020,0.785185913269531
2078848,2020,0.709704156351156
2079097,2020,0.848029356843868
2079135,2020,0.891216312465169
2079186,2020,0.939413862951145
2079232,2020,0.852583811981032
2079240,2020,0.648977839120796
2079356,2020,0.63668713644698
2079364,2020,0.626242934200654
2079410,2020,0.545148723738758
2079593,2020,0.881277818479017
2079615,2020,0.823517706430149
2079704,2020,0.931722097877493
2079720,2020,0.779911584653588
2079798,2020,0.831237943306498
2079828,2020,0.999350420323002
2079836,2020,0.845937945990122
2079860,2020,0.892637221718134
2079895,2020,0.787586513297769
2079925,2020,0.871145034282244
2080028,2020,0.936528671003638
2080044,2020,0.629847473040865
2080052,2020,0.914755350960219
2080079,2020,0.884164630786488
2080087,2020,0.881198688147407
2080095,2020,0.879405583839603
2080125,2020,0.848375516474178
2080222,2020,0.657432069233394
2080273,2020,0.999347170775075
2080281,2020,0.509161715030354
2080338,2020,0.999351237535225
2080346,2020,0.889909184365676
2080354,2020,0.298632579832574
2080400,2020,0.826309598521891
2080478,2020,0.895969722663255
2080532,2020,0.53765302926439
2080575,2020,0.14796435902454
2080583,2020,0.877987706168742
2080664,2020,0.897782918684303
2080680,2020,0.999349663839224
2080923,2020,0.842721196404901
2080931,2020,0.837466880631297
2080958,2020,0.860847578894489
2081059,2020,0.922276859327512
2081083,2020,0.99934564067799
2081091,2020,0.89138119277716
2081105,2020,0.84700425405727
2081164,2020,0.553187716903731
2081253,2020,0.663151686021933
2081261,2020,0.864243355190888
2081350,2020,0.846739686524698
2081377,2020,0.841991716430862
2081458,2020,0.871418838250317
2081490,2020,0.922225542401675
2081512,2020,0.789162866620527
2081555,2020,0.906998044664193
2081695,2020,0.999349382985107
2081814,2020,0.800577842553335
2081873,2020,0.798866152984952
2081970,2020,0.944859271266033
2082098,2020,0.861451957704968
2082128,2020,0.842200522789495
2082179,2020,0.246461889777407
2082187,2020,0.936770010271265
2082225,2020,0.900258714127625
2082322,2020,0.817180728323592
2082349,2020,0.939861856810729
2082381,2020,0.918243073798037
2082519,2020,0.77831262939699
2082527,2020,0.824578535789469
2082586,2020,0.856293115796544
2082594,2020,0.784688725651748
2082632,2020,0.826146235818327
2082640,2020,0.882412651289359
2082659,2020,0.915462589283568
2082667,2020,0.910839482804805
2082691,2020,0.83788291868179
2082721,2020,0.834752536069167
2082748,2020,0.802508087768777
2082810,2020,0.654412148690843
2082829,2020,0.931935163709176
2082845,2020,0.721849300853248
2082853,2020,0.754383037138695
2082861,2020,0.932216155019945
2082888,2020,0.820216386656372
2082926,2020,0.878602175070992
2083019,2020,0.999349031156044
2083027,2020,0.878926663837891
2083051,2020,0.626288448589402
2083086,2020,0.750026190960065
2083094,2020,0.725712769024292
2083116,2020,0.513389810319176
2083140,2020,0.657800379624381
2083175,2020,0.816591177421688
2083604,2020,0.821733837273249
2083876,2020,0.828591155530532
2083981,2020,0.999350254258225
2084058,2020,0.785194743918776
2084163,2020,0.999350008039848
2084171,2020,0.886184505907968
2084228,2020,0.776926722028742
2084414,2020,0.84605642810297
2084422,2020,0.723617836415846
2084473,2020,0.89395063351348
2085194,2020,0.718390263310174
2087057,2020,0.840648501812752
2087103,2020,0.506886275452051
2087111,2020,0.832966012048195
2087219,2020,0.917742627274509
2087618,2020,0.888634611579364
2087715,2020,0.949317463389246
2087804,2020,0.999352010400614
2088193,2020,0.803339701190915
2088487,2020,0.586062747126709
2088495,2020,0.580287029162235
2088525,2020,0.727313538719758
2088576,2020,0.999345194994153
2089327,2020,0.786575961849689
2089335,2020,0.636642501482557
2089785,2020,0.682074170071649
2090236,2020,0.904603041599156
2090961,2020,0.628173419960159
2091267,2020,0.825401220014668
2091313,2020,0.697273161166005
2091399,2020,0.887627516343603
2091585,2020,0.999352432812345
2091755,2020,0.770644020330916
2092298,2020,0.927672016343527
2092611,2020,0.797394657172281
2093324,2020,0.805087168440357
2093332,2020,0.744248354962067
2096412,2020,0.894618790738894
2096463,2020,0.792159751315975
2096498,2020,0.783609229116414
2097877,2020,0.81015102174886
2688433,2020,0.856508241233702
2688573,2020,0.869312361713439
2688689,2020,0.854375600317021
2698374,2020,0.885300269671696
2698471,2020,0.702335933840272
2699915,2020,0.903862531198261
2702193,2020,0.855353615877726
2704900,2020,0.821270305580053
2705222,2020,0.86207688204718
2705982,2020,0.913383986998272
2708566,2020,0.0547414203285184
2708779,2020,0.922877479932347
2716097,2020,0.902203522792635
2745798,2020,0.868528605928208
2748029,2020,0.498200433111459
2748223,2020,0.925389579049591
2748568,2020,0.843941332254293
2749319,2020,0.896039318553646
2750511,2020,0.900188670024943
2750546,2020,0.999348945545215
2750988,2020,0.599434468487896
2751003,2020,0.862301326958947
2751038,2020,0.890526146856265
2751046,2020,0.896433736023119
2751623,2020,0.701585319447167
2751704,2020,0.727340457635308
2754843,2020,0.889007464857502
2755092,2020,0.821148081786402
2755130,2020,0.999353127165782
2758245,2020,0.883113307581028
2765934,2020,0.867325414685716
2765942,2020,0.812410994253098
2772310,2020,0.789068992983748
2774720,2020,0.852075934318814
2784602,2020,0.89624409989747
2785188,2020,0.947651690341654
2785382,2020,0.704410231430108
2786435,2020,0.931829295170852
2786680,2020,0.956732768981897
2790556,2020,0.999349036044662
2790564,2020,0.332173817692097
2790580,2020,0.999353485676112
2790602,2020,0.999348607059878
2790610,2020,0.842521295895483
2790637,2020,0.865553709745154
2790734,2020,0.642373821297696
2791676,2020,0.872307933958292
2791692,2020,0.802309901511246
2791722,2020,0.845887720169715
2791749,2020,0.784091585723557
2792141,2020,0.999354423956327
2792168,2020,0.999351952498921
2792176,2020,0.999353108376614
2798298,2020,0.87455261222284
3012212,2020,0.94945959055901
3021378,2020,0.922710003894507
3028399,2020,0.999349919751334
3126838,2020,0.999346166925041
3139050,2020,0.945739868765214
3212130,2020,0.934416626614912
3774554,2020,0.913359927020854
4049020,2020,0.846465622075859
5200105,2020,0.941418454854624
5366828,2020,0.945995609874858
5420938,2020,0.953491768354026
5586348,2020,0.826795271612218
5718368,2020,0.94639852027326
5860490,2020,0.584174968406649
5935857,2020,0.921126653648805
6020917,2020,0.938210826442077
6053858,2020,0.929848998574282
6095666,2020,0.949635153404509
6123740,2020,0.848242947892431
6164366,2020,0.869203080780258
6236596,2020,0.999350352224273
6878687,2020,0.999346536571406
6943284,2020,0.932908499526454
6966594,2020,0.944965640940783
7320175,2020,0.805382488824648
7373465,2020,0.899386758420401
7473702,2020,0.613989839253575
7573162,2020,0.999352871772049
7580770,2020,0.916881275649903
7711980,2020,0.919560306435729
8028,2021,0.909252508421259
8036,2021,0.927776526194302
8052,2021,0.600338916005745
8923,2021,0.948317208713573
9601,2021,0.775782381388496
9628,2021,0.963156648709339
2022621,2021,0.896078995641414
2022648,2021,0.437132089265582
2023016,2021,0.750921147562281
2023474,2021,0.841682119194706
2023709,2021,0.889212961442692
2024691,2021,0.837707664974893
2024756,2021,0.861436603746911
2025361,2021,0.883854617752424
2025477,2021,0.663750439673208
2025507,2021,0.851544754684922
2025752,2021,0.470435280885096
2026805,2021,0.773045728880516
2027186,2021,0.877203496822454
2027356,2021,0.943648733690974
2028204,2021,0.499523135568114
2028239,2021,0.895394827098769
2028840,2021,0.36162045640543
2040069,2021,0.93859659724139
2058308,2021,0.940084669852419
2058790,2021,0.916782230868968
2065665,2021,0.930049506728236
2066092,2021,0.999353874034957
2066572,2021,0.864865162712697
2069776,2021,0.92953389703879
2071568,2021,0.754040190753739
2075717,2021,0.933648195130825
2075962,2021,0.656523792409066
2076896,2021,0.93307790625453
2076926,2021,0.889027215951713
2077388,2021,0.948243886886787
2077396,2021,0.929790689958146
2077426,2021,0.999351114415051
2077434,2021,0.999349186381071
2077450,2021,0.585951893518612
2077477,2021,0.905844189771082
2077485,2021,0.827566104908352
2077493,2021,0.850158994013897
2077507,2021,0.116917434614879
2077523,2021,0.877195695554703
2077531,2021,0.435005903844757
2077574,2021,0.999352605855722
2077582,2021,0.644168682958402
2077590,2021,0.543415486169077
2077620,2021,0.999350893527874
2077639,2021,0.827763866862398
2077647,2021,0.718422647425581
2077655,2021,0.462433885071655
2077671,2021,0.999351784932059
2077701,2021,0.875089743758731
2078015,2021,0.942316253756463
2078074,2021,0.831400652836194
2078104,2021,0.99934980625173
2078139,2021,0.655498056332188
2078155,2021,0.280012926271872
2078252,2021,0.813135517300016
2078287,2021,0.842935620198072
2078295,2021,0.836215128995396
2078414,2021,0.824574489689642
2078465,2021,0.538723145002088
2078473,2021,0.904490820564328
2078503,2021,0.857301432289723
2078511,2021,0.554145693275222
2078562,2021,0.999351132691374
2078775,2021,0.842499294839948
2078848,2021,0.769072978643731
2079097,2021,0.788561000064447
2079135,2021,0.892064953293213
2079186,2021,0.948318769411866
2079232,2021,0.875548224789439
2079240,2021,0.39370498040094
2079356,2021,0.607912121325755
2079364,2021,0.755389460273344
2079410,2021,0.638929647129128
2079593,2021,0.751385573792484
2079615,2021,0.912295118517771
2079704,2021,0.837608893750645
2079720,2021,0.806116671663675
2079798,2021,0.843053069577079
2079828,2021,0.999349955893121
2079836,2021,0.799487585189654
2079860,2021,0.90478048004079
2079895,2021,0.738745194049697
2079925,2021,0.890206178254654
2080028,2021,0.91449017299031
2080044,2021,0.539325212005356
2080052,2021,0.939437177533531
2080079,2021,0.879059080453787
2080087,2021,0.897003051196305
2080095,2021,0.604468179162232
2080125,2021,0.897615705700045
2080222,2021,0.696175301268039
2080273,2021,0.999348095190874
2080281,2021,0.515752453207148
2080338,2021,0.999350515551355
2080346,2021,0.924343900510899
2080354,2021,0.399365886934278
2080400,2021,0.802983590874033
2080478,2021,0.810196616074616
2080532,2021,0.553388675840463
2080575,2021,0.175540301664981
2080583,2021,0.765054365836714
2080664,2021,0.893270555191642
2080680,2021,0.999348968550114
2080923,2021,0.778216213489186
2080931,2021,0.821277966280855
2080958,2021,0.852666982675921
2081059,2021,0.913317038222401
2081083,2021,0.99934484310275
2081091,2021,0.857896645782974
2081105,2021,0.761317838200551
2081164,2021,0.24428714202865
2081253,2021,0.708508628233759
2081261,2021,0.882723398905199
2081350,2021,0.858950795547211
2081377,2021,0.819727367374819
2081458,2021,0.897108330780244
2081490,2021,0.91421318108138
2081512,2021,0.720138674263046
2081555,2021,0.893141765631665
2081695,2021,0.999349803352485
2081814,2021,0.76766078588177
2081873,2021,0.66997323157498
2081970,2021,0.945747966570625
2082098,2021,0.865021480623169
2082128,2021,0.84906629709397
2082179,2021,0.445894437535263
2082187,2021,0.938298525447102
2082225,2021,0.902321821007338
2082322,2021,0.726787780403068
2082349,2021,0.944014811292501
2082381,2021,0.938129433722802
2082519,2021,0.61234912677336
2082527,2021,0.826167433565712
2082586,2021,0.623572993163111
2082594,2021,0.813881122365038
2082632,2021,0.805758950369767
2082640,2021,0.845738193957431
2082659,2021,0.8446717654251
2082667,2021,0.875290442918032
2082691,2021,0.698060021117075
2082721,2021,0.864174082863462
2082748,2021,0.776670243845246
2082810,2021,0.767873698765567
2082829,2021,0.933653046614756
2082845,2021,0.641197466458049
2082853,2021,0.734493640612582
2082861,2021,0.936096598406179
2082888,2021,0.799811943613498
2082926,2021,0.866996658441243
2083019,2021,0.999345925104744
2083027,2021,0.835340473411462
2083051,2021,0.769786940370323
2083086,2021,0.784809033559426
2083094,2021,0.651346884840203
2083116,2021,0.588646854709966
2083140,2021,0.779733392559136
2083175,2021,0.755490795839147
2083604,2021,0.752119452373995
2083876,2021,0.89444316479536
2083981,2021,0.999349988293436
2084058,2021,0.722012327808369
2084163,2021,0.999348377785893
2084171,2021,0.871624261074933
2084228,2021,0.770025490725105
2084414,2021,0.891737435276392
2084422,2021,0.658974557463954
2084473,2021,0.748967359101656
2085194,2021,0.751358457983498
2087057,2021,0.871042572980584
2087103,2021,0.395956211263878
2087111,2021,0.850562694133862
2087219,2021,0.893487313320575
2087618,2021,0.892536533744937
2087715,2021,0.950588059611036
2087804,2021,0.999350494563071
2088193,2021,0.804798551103208
2088487,2021,0.513371298237386
2088495,2021,0.659572689186211
2088525,2021,0.741977828865453
2088576,2021,0.999345673841677
2089327,2021,0.850365205023645
2089335,2021,0.453124555379772
2089785,2021,0.736102509811277
2090236,2021,0.916062800852047
2090961,2021,0.643109797141495
2091267,2021,0.848186166035644
2091313,2021,0.699309084223914
2091399,2021,0.947741566465667
2091585,2021,0.999351850071127
2091755,2021,0.496628747616565
2092298,2021,0.925741511424933
2092611,2021,0.864669515758675
2093324,2021,0.751355226225446
2093332,2021,0.649980978715751
2096412,2021,0.890035561502615
2096463,2021,0.841920024980311
2096498,2021,0.687835535227459
2097877,2021,0.79449384938701
2688433,2021,0.855310198878981
2688573,2021,0.856501402906868
2688689,2021,0.886005243602678
2698374,2021,0.836416630671908
2698471,2021,0.685641589440338
2699915,2021,0.871447619551004
2702193,2021,0.87074496676678
2704900,2021,0.834139706068092
2705222,2021,0.75321911808358
2705982,2021,0.928444705582097
2708566,2021,0.061593845427614
2708779,2021,0.920173404882544
2716097,2021,0.866982541922627
2745798,2021,0.862797432781124
2748029,2021,0.565260035683895
2748223,2021,0.923163274249357
2748568,2021,0.807636153683038
2749319,2021,0.910236772418927
2750511,2021,0.912271705504226
2750546,2021,0.999348538547744
2750988,2021,0.460716018817651
2751003,2021,0.834115180946768
2751038,2021,0.675232668877755
2751046,2021,0.859257426749496
2751623,2021,0.670282931888817
2751704,2021,0.714034815500193
2754843,2021,0.902038489432035
2755092,2021,0.785454157514876
2755130,2021,0.999351481914076
2758245,2021,0.897681011976628
2765934,2021,0.900338886333367
2765942,2021,0.888603125349028
2772310,2021,0.839203530454141
2774720,2021,0.899260056949551
2784602,2021,0.911310105859458
2785188,2021,0.946681433649992
2785382,2021,0.741734750544214
2786435,2021,0.951760243078659
2786680,2021,0.958561768368242
2790556,2021,0.999348438906228
2790564,2021,0.540071902616221
2790580,2021,0.999353858185628
2790602,2021,0.999347473129694
2790610,2021,0.776664809815348
2790637,2021,0.851236940728515
2790734,2021,0.940652357865892
2791676,2021,0.865841243607209
2791692,2021,0.799078041714726
2791722,2021,0.8568236716556
2791749,2021,0.677701753092994
2792141,2021,0.999354271711582
2792168,2021,0.999352052771567
2792176,2021,0.999352411876817
2798298,2021,0.865526704079692
3012212,2021,0.958196762504578
3021378,2021,0.933708244039468
3028399,2021,0.999349625228405
3126838,2021,0.999347043042048
3139050,2021,0.944730217511838
3212130,2021,0.9379477652793
3774554,2021,0.923846647401333
4049020,2021,0.835287455564699
5200105,2021,0.952269086098397
5366828,2021,0.953533250063966
5420938,2021,0.955326453455215
5586348,2021,0.668439579817636
5718368,2021,0.951403795227235
5860490,2021,0.547900008436553
5935857,2021,0.938164584675599
6020917,2021,0.942270946664046
6053858,2021,0.915428402101003
6095666,2021,0.960189825275046
6123740,2021,0.877286399723786
6164366,2021,0.624326971956468
6236596,2021,0.999349181567202
6878687,2021,0.999347247809057
6943284,2021,0.943605146104234
6966594,2021,0.953094106637014
7320175,2021,0.702577831397852
7373465,2021,0.914123473469935
7473702,2021,0.872791840900636
7573162,2021,0.999350334326132
7580770,2021,0.930740919383278
7711980,2021,0.937027559610705
8028,2022,0.910886272020506
8036,2022,0.910694839890749
8052,2022,0.706198957919727
8923,2022,0.952211623821167
9601,2022,0.671229149532211
9628,2022,0.957558023964189
2022621,2022,0.866751532861728
2022648,2022,0.591582842794317
2023016,2022,0.885171135763817
2023474,2022,0.911316687763234
2023709,2022,0.888708675219891
2024691,2022,0.805834004097305
2024756,2022,0.848541288860632
2025361,2022,0.479272690505209
2025477,2022,0.825571735105372
2025507,2022,0.841151513058496
2025752,2022,0.42142386229385
2026805,2022,0.837228119694034
2027186,2022,0.864019901885274
2027356,2022,0.928823312579385
2028204,2022,0.625173495346712
2028239,2022,0.919938110410279
2028840,2022,0.348598103640635
2040069,2022,0.912659468859698
2058308,2022,0.926736573162632
2058790,2022,0.919985152776989
2065665,2022,0.892185987104334
2066092,2022,0.999352605156383
2066572,2022,0.856126761019815
2069776,2022,0.894635410640505
2071568,2022,0.735859004946821
2075717,2022,0.935826342938341
2075962,2022,0.781199617534388
2076896,2022,0.921380016770264
2076926,2022,0.839898844336816
2077388,2022,0.923996996703142
2077396,2022,0.911125981526455
2077426,2022,0.999351652794293
2077434,2022,0.999348203038646
2077450,2022,0.882319904152981
2077477,2022,0.847179227044994
2077485,2022,0.630576944983548
2077493,2022,0.837922944245708
2077507,2022,0.117530763934061
2077523,2022,0.87453208516605
2077531,2022,0.37757264188751
2077574,2022,0.999351195825932
2077582,2022,0.78453122439714
2077590,2022,0.448894215206332
2077620,2022,0.99935044050936
2077639,2022,0.888312963542932
2077647,2022,0.788981000582183
2077655,2022,0.408188862844239
2077671,2022,0.999350109482932
2077701,2022,0.789295791977957
2078015,2022,0.932709219593387
2078074,2022,0.872227990929659
2078104,2022,0.999351416382448
2078139,2022,0.686446920380065
2078155,2022,0.441184198369578
2078252,2022,0.846557122192233
2078287,2022,0.752389512330913
2078295,2022,0.893195582257103
2078414,2022,0.87910821353751
2078465,2022,0.290953328724307
2078473,2022,0.912705950022391
2078503,2022,0.8669428160759
2078511,2022,0.748530849640943
2078562,2022,0.999351142659444
2078775,2022,0.811728048951694
2078848,2022,0.794902630596576
2079097,2022,0.894736466613266
2079135,2022,0.912881265569214
2079186,2022,0.934751082291366
2079232,2022,0.849483794221041
2079240,2022,0.457363333399669
2079356,2022,0.696780322161135
2079364,2022,0.818326925071624
2079410,2022,0.814650978606969
2079593,2022,0.902745794313691
2079615,2022,0.881859511705268
2079704,2022,0.885023563646332
2079720,2022,0.846223156959802
2079798,2022,0.772358125162802
2079828,2022,0.999349617880974
2079836,2022,0.857930677124808
2079860,2022,0.840851075401901
2079895,2022,0.81461823878327
2079925,2022,0.860673767872968
2080028,2022,0.919481986698795
2080044,2022,0.684888575359421
2080052,2022,0.918484477322513
2080079,2022,0.907526632989568
2080087,2022,0.896889798147012
2080095,2022,0.833158312808104
2080125,2022,0.79301134190845
2080222,2022,0.647403764454213
2080273,2022,0.999347756677486
2080281,2022,0.844251207399425
2080338,2022,0.999349951905421
2080346,2022,0.880008091519356
2080354,2022,0.429064799783573
2080400,2022,0.75043751275368
2080478,2022,0.88075452693273
2080532,2022,0.547328681576993
2080575,2022,0.148861951267617
2080583,2022,0.890389266010267
2080664,2022,0.900845496666875
2080680,2022,0.999347111475616
2080923,2022,0.813724272911174
2080931,2022,0.845902350027466
2080958,2022,0.863016924068547
2081059,2022,0.932176234527153
2081083,2022,0.999347177514945
2081091,2022,0.870472259627029
2081105,2022,0.775029733319604
2081164,2022,0.390726833961657
2081253,2022,0.718848913152299
2081261,2022,0.87840571177245
2081350,2022,0.841372662976951
2081377,2022,0.799575219478059
2081458,2022,0.849238758774542
2081490,2022,0.908512454366074
2081512,2022,0.699277798032229
2081555,2022,0.889234567551945
2081695,2022,0.999348342718763
2081814,2022,0.779450705642865
2081873,2022,0.772735372268902
2081970,2022,0.917951417648627
2082098,2022,0.87833364038398
2082128,2022,0.827883689297984
2082179,2022,0.712442316961347
2082187,2022,0.930739011661906
2082225,2022,0.893163501207924
2082322,2022,0.817248057750058
2082349,2022,0.935444519358637
2082381,2022,0.922991576129459
2082519,2022,0.753245435500155
2082527,2022,0.770112036454892
2082586,2022,0.824873569090967
2082594,2022,0.891120498538712
2082632,2022,0.780821389472062
2082640,2022,0.851304312922747
2082659,2022,0.886362901060688
2082667,2022,0.911368032270647
2082691,2022,0.777596073319428
2082721,2022,0.914697936341085
2082748,2022,0.864085747767437
2082810,2022,0.681018873497737
2082829,2022,0.923752125080101
2082845,2022,0.795532432178289
2082853,2022,0.807572804291904
2082861,2022,0.92775232994398
2082888,2022,0.78268960466695
2082926,2022,0.878008341717962
2083019,2022,0.999347272466164
2083027,2022,0.884155478824639
2083051,2022,0.774038281670002
2083086,2022,0.750792347732661
2083094,2022,0.636198163451419
2083116,2022,0.537296501553562
2083140,2022,0.65835953544093
2083175,2022,0.857178013994608
2083604,2022,0.792852559016502
2083876,2022,0.917897876722617
2083981,2022,0.99934852763026
2084058,2022,0.868929349833475
2084163,2022,0.999348948094516
2084171,2022,0.856044760176135
2084228,2022,0.758026077793218
2084414,2022,0.841439683901807
2084422,2022,0.834045327064703
2084473,2022,0.889205518490034
2085194,2022,0.662064745894278
2087057,2022,0.827626151975598
2087103,2022,0.841975610491571
2087111,2022,0.838602618740162
2087219,2022,0.915127214170256
2087618,2022,0.932850344014995
2087715,2022,0.936295575787806
2087804,2022,0.999350119328631
2088193,2022,0.83940916207135
2088487,2022,0.790638979921299
2088495,2022,0.614562393770367
2088525,2022,0.838738107420413
2088576,2022,0.999346080456143
2089327,2022,0.730364656000106
2089335,2022,0.767056117296376
2089785,2022,0.620984096253255
2090236,2022,0.902343171172192
2090961,2022,0.615119163683484
2091267,2022,0.839438891574207
2091313,2022,0.616885748163246
2091399,2022,0.941310928647351
2091585,2022,0.999351745061259
2091755,2022,0.786969030431353
2092298,2022,0.922284745529246
2092611,2022,0.743181949286927
2093324,2022,0.803496300617886
2093332,2022,0.723819364655323
2096412,2022,0.904869077522426
2096463,2022,0.781574194672309
2096498,2022,0.835498511298246
2097613,2022,0.54902880122655
2097877,2022,0.799805359578323
2688433,2022,0.91558089592422
2688573,2022,0.872691340504831
2688689,2022,0.873245964446626
2698374,2022,0.884600843895775
2698471,2022,0.717320307789897
2699915,2022,0.917455477466317
2702193,2022,0.88540018286268
2704900,2022,0.786533802608433
2705222,2022,0.82703724082845
2705982,2022,0.912395373990802
2708566,2022,0.0492636356698018
2708779,2022,0.901589634771503
2716097,2022,0.904694801539139
2745798,2022,0.899151943294797
2748029,2022,0.489835148246883
2748223,2022,0.890587273052317
2748568,2022,0.793195778954145
2749319,2022,0.911469627987194
2750511,2022,0.889604959279931
2750546,2022,0.999348941246795
2750988,2022,0.56991878031856
2751003,2022,0.891972601728659
2751038,2022,0.883915941841648
2751046,2022,0.912783964197099
2751623,2022,0.677826159103133
2751704,2022,0.740264559989316
2754843,2022,0.872597963791486
2755092,2022,0.784265944844556
2755130,2022,0.999352456907196
2758245,2022,0.871963665439045
2765934,2022,0.895527212923907
2765942,2022,0.85109092520883
2772310,2022,0.814502554399903
2774720,2022,0.845644634875463
2784602,2022,0.915397354376121
2785188,2022,0.929621716397979
2785382,2022,0.657543516826022
2786435,2022,0.933279903751093
2786680,2022,0.938599562028714
2790556,2022,0.999347714687403
2790564,2022,0.493217083866316
2790580,2022,0.999352115654381
2790602,2022,0.999350462797453
2790610,2022,0.817960987121407
2790637,2022,0.842766794809374
2790734,2022,0.854402227261966
2791676,2022,0.867294162544117
2791692,2022,0.826596432740427
2791722,2022,0.852990677453621
2791749,2022,0.919837828012308
2792141,2022,0.999353600422039
2792168,2022,0.999352671839523
2792176,2022,0.999351949848126
2798298,2022,0.891307519169314
3012212,2022,0.947055427754547
3021378,2022,0.910265124105783
3028399,2022,0.999347921082441
3126838,2022,0.999346604482328
3139050,2022,0.947234091333913
3212130,2022,0.950691774059654
3774554,2022,0.908529137211035
4049020,2022,0.8000570636761
5200105,2022,0.940538919594583
5366828,2022,0.945699447071396
5420938,2022,0.956052020517085
5586348,2022,0.897666417121767
5718368,2022,0.962479724985344
5860490,2022,0.657174580532313
5935857,2022,0.91769708918151
6020917,2022,0.917406791613061
6053858,2022,0.931328727925255
6095666,2022,0.956084871230384
6123740,2022,0.814462960841865
6164366,2022,0.911468826649756
6236596,2022,0.999350931929857
6878687,2022,0.999348163481212
6943284,2022,0.927395182715524
6966594,2022,0.950428259771651
7320175,2022,0.795249270557742
7373465,2022,0.942502215345879
7473702,2022,0.91014390198338
7573162,2022,0.999353454356288
7580770,2022,0.895824308055371
7711980,2022,0.939418206035756
8028,2023,0.912699000997645
8036,2023,0.896077973538428
8052,2023,0.700222498589974
8923,2023,0.952156305963494
9601,2023,0.708769562817941
9628,2023,0.957877867256002
2022621,2023,0.86652147014186
2022648,2023,0.555590738650843
2023016,2023,0.88561436154078
2023474,2023,0.876665944424372
2023709,2023,0.899109684544966
2024691,2023,0.807028441616874
2024756,2023,0.859390386300179
2025361,2023,0.444129921231262
2025477,2023,0.808582534484879
2025507,2023,0.857415091982913
2025752,2023,0.42846456366539
2026805,2023,0.85684990669272
2027186,2023,0.876313340268367
2027356,2023,0.928694001834763
2028204,2023,0.625993352140793
2028239,2023,0.916838028003598
2028840,2023,0.430891483046926
2040069,2023,0.901337163050088
2058308,2023,0.927100638284465
2058790,2023,0.921925064502187
2065665,2023,0.900146791641289
2066092,2023,0.999352267241438
2066572,2023,0.837770241169606
2069776,2023,0.914818240244152
2071568,2023,0.736706628732812
2075717,2023,0.944172621994817
2075962,2023,0.801989501262945
2076896,2023,0.929668310626217
2076926,2023,0.887050155050675
2077388,2023,0.904788186889749
2077396,2023,0.916929193335969
2077426,2023,0.999351254332117
2077434,2023,0.999347729486619
2077450,2023,0.873681594292605
2077477,2023,0.824058143562382
2077485,2023,0.661447360951608
2077493,2023,0.797230647275096
2077507,2023,0.0780193435929354
2077523,2023,0.880870595039295
2077531,2023,0.34377135905725
2077574,2023,0.999351019646199
2077582,2023,0.772312520092894
2077590,2023,0.43165931252382
2077620,2023,0.999350539028785
2077639,2023,0.935698676448046
2077647,2023,0.783337648426375
2077655,2023,0.420535582895573
2077671,2023,0.999350478324565
2077701,2023,0.805300960805895
2078015,2023,0.934390542609958
2078074,2023,0.876282623273542
2078104,2023,0.999351665755165
2078139,2023,0.684786558480007
2078155,2023,0.481763535339116
2078252,2023,0.825916624778005
2078287,2023,0.999350687796403
2078295,2023,0.895436467859059
2078414,2023,0.878165550327439
2078465,2023,0.278036344523379
2078473,2023,0.900066009963277
2078503,2023,0.88363182573955
2078511,2023,0.760733747243816
2078562,2023,0.999350948235836
2078775,2023,0.802132151693487
2078848,2023,0.808494611861632
2079097,2023,0.867100631363025
2079135,2023,0.891239749644764
2079186,2023,0.93902604677577
2079232,2023,0.812909456753259
2079240,2023,0.505786345028763
2079356,2023,0.708006975055557
2079364,2023,0.890295648567989
2079410,2023,0.752509497502104
2079593,2023,0.894225113104508
2079615,2023,0.917602497241834
2079704,2023,0.864277957933703
2079720,2023,0.823209746323315
2079798,2023,0.85881699539873
2079828,2023,0.999349245094069
2079836,2023,0.817837140283092
2079860,2023,0.854545813633475
2079895,2023,0.837892450531773
2079925,2023,0.860795001990555
2080028,2023,0.906095789196867
2080044,2023,0.710563657313628
2080052,2023,0.903618854964635
2080079,2023,0.884445816518621
2080087,2023,0.88952120673052
2080095,2023,0.807265672038302
2080125,2023,0.734067524441008
2080222,2023,0.690421976901259
2080273,2023,0.999347769075314
2080281,2023,0.87622623323743
2080338,2023,0.999351189893824
2080346,2023,0.852597656775796
2080354,2023,0.385301024993537
2080400,2023,0.745373996089374
2080478,2023,0.844946196935737
2080532,2023,0.520270095034286
2080575,2023,0.13665212919834
2080583,2023,0.919401983745132
2080664,2023,0.880831551516842
2080680,2023,0.999347763005784
2080923,2023,0.808357824556394
2080931,2023,0.873422681147965
2080958,2023,0.870887728162203
2081059,2023,0.943598298997103
2081083,2023,0.999347785504028
2081091,2023,0.873893438269549
2081105,2023,0.766266776866956
2081164,2023,0.591740790763825
2081253,2023,0.651757021717365
2081261,2023,0.888014725290327
2081350,2023,0.859472151226806
2081377,2023,0.796368967255434
2081458,2023,0.858618489378882
2081490,2023,0.908910533820848
2081512,2023,0.81760760073356
2081555,2023,0.896912455088027
2081695,2023,0.999348553216631
2081814,2023,0.807114082036489
2081873,2023,0.791357574035349
2081970,2023,0.91816301620726
2082098,2023,0.888420486052076
2082128,2023,0.80521922304235
2082179,2023,0.819132299801995
2082187,2023,0.933350321792611
2082225,2023,0.858908096048286
2082322,2023,0.794648568174858
2082349,2023,0.942382325816616
2082381,2023,0.933530256185442
2082519,2023,0.685938914406737
2082527,2023,0.812484181467474
2082586,2023,0.854969061734419
2082594,2023,0.898664307235856
2082632,2023,0.8370714763177
2082640,2023,0.856291650330782
2082659,2023,0.870322424985132
2082667,2023,0.88460970013857
2082691,2023,0.768697282553747
2082721,2023,0.889562677536955
2082748,2023,0.853689252558453
2082810,2023,0.681066454474112
2082829,2023,0.915830955628375
2082845,2023,0.840340820204823
2082853,2023,0.794655643605668
2082861,2023,0.942812845014029
2082888,2023,0.814085185627575
2082926,2023,0.876470100263841
2083019,2023,0.99934536196821
2083027,2023,0.853072472779383
2083051,2023,0.833656627362291
2083086,2023,0.765237545709191
2083094,2023,0.600374951371538
2083116,2023,0.519898710900797
2083140,2023,0.690888152492549
2083175,2023,0.875157747402821
2083604,2023,0.842856886198348
2083876,2023,0.925222791959073
2083981,2023,0.999348883507454
2084058,2023,0.85486627930461
2084163,2023,0.999347764010425
2084171,2023,0.855721410893662
2084228,2023,0.724074414654971
2084414,2023,0.830324740347888
2084422,2023,0.793598716945448
2084473,2023,0.916725465394114
2085194,2023,0.659025536858386
2087057,2023,0.79343069255762
2087103,2023,0.876919023325701
2087111,2023,0.795497731386537
2087219,2023,0.924188380350674
2087618,2023,0.930385599817152
2087715,2023,0.938639673459203
2087804,2023,0.999349737708491
2088193,2023,0.824343761548917
2088487,2023,0.725076926693136
2088495,2023,0.625506070761273
2088525,2023,0.850058051716757
2088576,2023,0.999346654012064
2089327,2023,0.748396836596535
2089335,2023,0.791945930051534
2089785,2023,0.641618664596269
2090236,2023,0.907777810647771
2090961,2023,0.607618772073376
2091267,2023,0.848540011128651
2091313,2023,0.636688707477208
2091399,2023,0.939083193615953
2091585,2023,0.999352137043575
2091755,2023,0.820152403526042
2092298,2023,0.922338237675199
2092611,2023,0.759168665220641
2093324,2023,0.855499225117042
2093332,2023,0.711610881068126
2096412,2023,0.878736694355881
2096463,2023,0.697362908331329
2096498,2023,0.891299409916721
2097613,2023,0.506176541229917
2097877,2023,0.818069151566998
2688433,2023,0.920835945460177
2688573,2023,0.860744154372221
2688689,2023,0.85426595299218
2698374,2023,0.90373312186102
2698471,2023,0.630399675027854
2699915,2023,0.914043845821492
2702193,2023,0.886322133762324
2704900,2023,0.782175213363503
2705222,2023,0.816912015858315
2705982,2023,0.903487089656069
2708566,2023,0.0474944182805379
2708779,2023,0.905641305181961
2716097,2023,0.923545997770124
2745798,2023,0.894986691230829
2748029,2023,0.602286910097114
2748223,2023,0.885859661625952
2748568,2023,0.782523784815294
2749319,2023,0.889558655031092
2750511,2023,0.87842855318234
2750546,2023,0.999348915067063
2750988,2023,0.516697608349641
2751003,2023,0.890076951839837
2751038,2023,0.893191057351648
2751046,2023,0.919902535714981
2751623,2023,0.69021345631813
2751704,2023,0.720468214768572
2754843,2023,0.877861641772064
2755092,2023,0.773634297861629
2755130,2023,0.999352169769221
2758245,2023,0.876206907695939
2765934,2023,0.875342073015434
2765942,2023,0.85283755697303
2772310,2023,0.798195574173792
2774720,2023,0.853714950528904
2784602,2023,0.875914901241067
2785188,2023,0.928606597758899
2785382,2023,0.705274414035074
2786435,2023,0.922083090477042
2786680,2023,0.921061455219846
2790556,2023,0.999347251655838
2790564,2023,0.503669930442465
2790580,2023,0.999352013622122
2790602,2023,0.999350729643253
2790610,2023,0.834553682715132
2790637,2023,0.864559197520311
2790734,2023,0.759028130651594
2791676,2023,0.865981119489694
2791692,2023,0.852506460459449
2791722,2023,0.856913499355857
2791749,2023,0.833495331152154
2792141,2023,0.999353721266901
2792168,2023,0.9993524623211
2792176,2023,0.999351751884481
2798298,2023,0.902519140350461
3012212,2023,0.946940315365031
3021378,2023,0.902049387314623
3028399,2023,0.999347340552072
3126838,2023,0.999346485701623
3139050,2023,0.939803266871304
3212130,2023,0.951787020740333
3774554,2023,0.92442662663056
4049020,2023,0.839815750486151
5200105,2023,0.941712454779512
5366828,2023,0.925962024164554
5420938,2023,0.955761142635837
5586348,2023,0.846503968185758
5718368,2023,0.959950570775138
5860490,2023,0.56877486545535
5935857,2023,0.923741631611521
6020917,2023,0.926577314833442
6053858,2023,0.930139139840735
6095666,2023,0.954701334443986
6123740,2023,0.856771933920962
6164366,2023,0.907737285354451
6236596,2023,0.999349811413691
6878687,2023,0.999348600176648
6943284,2023,0.923158736216271
6966594,2023,0.950935922018661
7320175,2023,0.839662060069262
7373465,2023,0.94009287888816
7473702,2023,0.947275480723523
7573162,2023,0.999353783686242
7580770,2023,0.880527795754757
7711980,2023,0.921043698794126
8028,2024,0.913476820364834
8036,2024,0.897893489279413
8052,2024,0.561572298317469
8923,2024,0.947045209479097
9601,2024,0.703683283117786
9628,2024,0.958156172335251
2022621,2024,0.842350173171574
2022648,2024,0.614343105245604
2023016,2024,0.886075392366858
2023474,2024,0.862885454940559
2023709,2024,0.905576914581554
2024691,2024,0.827014729587272
2024756,2024,0.863918167686686
2025361,2024,0.594777546440928
2025477,2024,0.759253257455929
2025507,2024,0.856558376732512
2025752,2024,0.44976670430093
2026805,2024,0.853587328630028
2027186,2024,0.879795259023834
2027356,2024,0.922959531933387
2028204,2024,0.661499069882874
2028239,2024,0.913259716580922
2028840,2024,0.453656093799791
2040069,2024,0.906395073305834
2058308,2024,0.950299393482872
2058790,2024,0.932654109185628
2065665,2024,0.906569684083733
2066092,2024,0.999351184481588
2066572,2024,0.839226509306485
2069776,2024,0.931321472874396
2071568,2024,0.724704324901223
2075717,2024,0.931228527983336
2075962,2024,0.810324719304465
2076896,2024,0.93349503112047
2076926,2024,0.84235381232287
2077388,2024,0.911800010005075
2077396,2024,0.91916233371312
2077426,2024,0.999351007425254
2077434,2024,0.999348193293222
2077450,2024,0.912894003913922
2077477,2024,0.870946381866393
2077485,2024,0.774694115336263
2077493,2024,0.834319004664981
2077507,2024,0.0890540859273791
2077523,2024,0.867485923543144
2077531,2024,0.259835419752753
2077574,2024,0.999350056331861
2077582,2024,0.710758389353498
2077590,2024,0.491155496070149
2077620,2024,0.999350962330536
2077639,2024,0.939623220426954
2077647,2024,0.8128533998012
2077655,2024,0.405219746177503
2077671,2024,0.999350101100888
2077701,2024,0.761116371297766
2078015,2024,0.939774453352243
2078074,2024,0.882465204453629
2078104,2024,0.999351493026219
2078139,2024,0.705012181653809
2078155,2024,0.450816583253997
2078252,2024,0.830328423331396
2078287,2024,0.999353127654497
2078295,2024,0.907660027164585
2078414,2024,0.816068104303775
2078465,2024,0.312821839972601
2078473,2024,0.918505366723097
2078503,2024,0.890350030611882
2078511,2024,0.724032558733502
2078562,2024,0.999350370938852
2078775,2024,0.750036306984304
2078848,2024,0.84606481482234
2079097,2024,0.854773493544292
2079135,2024,0.888438434864653
2079186,2024,0.940268940578318
2079232,2024,0.816543624559323
2079240,2024,0.485240092085927
2079356,2024,0.712047575621781
2079364,2024,0.919662241726683
2079410,2024,0.770228752101127
2079593,2024,0.887777480801588
2079615,2024,0.924848198180401
2079704,2024,0.865345578795324
2079720,2024,0.79802751160647
2079798,2024,0.86449130719871
2079828,2024,0.99934972512907
2079836,2024,0.742049244992655
2079860,2024,0.889465864699806
2079895,2024,0.797303805538737
2079925,2024,0.881209743749724
2080028,2024,0.923947418793244
2080044,2024,0.674655393311006
2080052,2024,0.894303347087944
2080079,2024,0.898938544768773
2080087,2024,0.883741635782052
2080095,2024,0.697017224747672
2080125,2024,0.749161827614975
2080222,2024,0.554661939300115
2080273,2024,0.999347681870274
2080281,2024,0.874684183012493
2080338,2024,0.999351423924874
2080346,2024,0.824319784990347
2080354,2024,0.366373282301442
2080400,2024,0.742317701078803
2080478,2024,0.809726218455447
2080532,2024,0.507398451701512
2080575,2024,0.134139526052518
2080583,2024,0.929414143089496
2080664,2024,0.881881910176007
2080680,2024,0.99934786927992
2080923,2024,0.82192986801178
2080931,2024,0.895870646804216
2080958,2024,0.736609269894248
2081059,2024,0.9508675708669
2081083,2024,0.999347818055868
2081091,2024,0.84776558052146
2081105,2024,0.764965211106639
2081164,2024,0.737429705152337
2081253,2024,0.654940749870419
2081261,2024,0.883628123632505
2081350,2024,0.858711873426048
2081377,2024,0.815979203017533
2081458,2024,0.847161584675089
2081490,2024,0.893874273880542
2081512,2024,0.843122403227147
2081555,2024,0.88731567064695
2081695,2024,0.999348969241242
2081814,2024,0.836788032741368
2081873,2024,0.759825639794956
2081970,2024,0.908726199610438
2082098,2024,0.891057581848252
2082128,2024,0.819880556099857
2082179,2024,0.338040199378456
2082187,2024,0.94712816812792
2082225,2024,0.844966749817232
2082322,2024,0.780088371401937
2082349,2024,0.944989817787988
2082381,2024,0.930408740699228
2082519,2024,0.753251957522919
2082527,2024,0.889413476169566
2082586,2024,0.853030046664771
2082594,2024,0.868574013691923
2082632,2024,0.782862657788715
2082640,2024,0.838189895964831
2082659,2024,0.87514969504032
2082667,2024,0.820586324032852
2082691,2024,0.803561710307809
2082721,2024,0.88762412102392
2082748,2024,0.871592449856046
2082810,2024,0.752865903875188
2082829,2024,0.921752957816903
2082845,2024,0.848393169287384
2082853,2024,0.765038393267778
2082861,2024,0.940178158794498
2082888,2024,0.813778639338667
2082926,2024,0.855329642374702
2083019,2024,0.999347000598787
2083027,2024,0.829224959069048
2083051,2024,0.804065984327856
2083086,2024,0.78250411079335
2083094,2024,0.669435268046028
2083116,2024,0.51310953510892
2083140,2024,0.692652573753456
2083175,2024,0.886314113047537
2083604,2024,0.725462488509101
2083876,2024,0.941187918860912
2083981,2024,0.999348899520044
2084058,2024,0.832398909500749
2084163,2024,0.99934771529151
2084171,2024,0.828151832056542
2084228,2024,0.72197140256579
2084414,2024,0.835624532661078
2084422,2024,0.802305095054988
2084473,2024,0.936329219267839
2085194,2024,0.666729565173348
2087057,2024,0.747885633678131
2087103,2024,0.800377096625067
2087111,2024,0.741060954932726
2087219,2024,0.922335943711595
2087618,2024,0.925335798534266
2087715,2024,0.944165696151611
2087804,2024,0.999350305077216
2088193,2024,0.82036328235871
2088487,2024,0.725291898155505
2088495,2024,0.626387148326532
2088525,2024,0.858632621692357
2088576,2024,0.999346296741709
2089327,2024,0.769356395446682
2089335,2024,0.810992501856349
2089785,2024,0.675337884847681
2090236,2024,0.906464324050115
2090961,2024,0.584659834879181
2091267,2024,0.869276256994451
2091313,2024,0.692596008862723
2091399,2024,0.91990896247328
2091585,2024,0.999351442942998
2091755,2024,0.821574735467857
2092298,2024,0.91007326881082
2092611,2024,0.813252804087649
2093324,2024,0.867071985922661
2093332,2024,0.780454920486547
2096412,2024,0.882067921726623
2096463,2024,0.692447598117231
2096498,2024,0.893873704664986
2097613,2024,0.215121922677035
2097877,2024,0.78962833099315
2688433,2024,0.913777735852647
2688573,2024,0.846944050238742
2688689,2024,0.832042333274449
2698374,2024,0.907655863074387
2698471,2024,0.624829302048567
2699915,2024,0.91188687256177
2702193,2024,0.897404631084839
2704900,2024,0.767414336424728
2705222,2024,0.830470511848038
2705982,2024,0.90415337768876
2708566,2024,0.0413590530642779
2708779,2024,0.912068243485564
2716097,2024,0.923927810766575
2745798,2024,0.87819215884444
2748029,2024,0.52353229627938
2748223,2024,0.886490814849736
2748568,2024,0.787995902902602
2749319,2024,0.850792874416025
2750511,2024,0.880611575147853
2750546,2024,0.999349356471712
2750988,2024,0.553730018019715
2751003,2024,0.870483445285035
2751038,2024,0.898633535067583
2751046,2024,0.915143931704454
2751623,2024,0.649793204966274
2751704,2024,0.716567640258423
2754843,2024,0.885248929805406
2755092,2024,0.784223403564799
2755130,2024,0.999351961766254
2758245,2024,0.867951515387889
2765934,2024,0.878827754795611
2765942,2024,0.836630377448991
2772310,2024,0.789593959504251
2774720,2024,0.863459294313373
2784602,2024,0.901632093598322
2785188,2024,0.934178025343265
2785382,2024,0.684681370244963
2786435,2024,0.93077669989111
2786680,2024,0.923754096617139
2790556,2024,0.999347306834887
2790564,2024,0.817284632864509
2790580,2024,0.999351366509088
2790602,2024,0.999349224895465
2790610,2024,0.828742474428637
2790637,2024,0.862825503809115
2790734,2024,0.8789172926843
2791676,2024,0.882394930523182
2791692,2024,0.863150742468579
2791722,2024,0.844455455436114
2791749,2024,0.780094251211371
2792141,2024,0.999353516469424
2792168,2024,0.999352697118783
2792176,2024,0.999352068837095
2798298,2024,0.897091350873906
3012212,2024,0.947074322874674
3021378,2024,0.902114504425647
3028399,2024,0.999348250794163
3126838,2024,0.999345795662108
3139050,2024,0.934372206474209
3212130,2024,0.950418531219144
3774554,2024,0.928234170594479
4049020,2024,0.872216755154135
5200105,2024,0.943296416907501
5366828,2024,0.905872649798777
5420938,2024,0.953205426569223
5586348,2024,0.834101242829208
5718368,2024,0.961940662879074
5860490,2024,0.509867549091718
5935857,2024,0.931876900367306
6020917,2024,0.926879083143906
6053858,2024,0.928249344855153
6095666,2024,0.958150731340381
6123740,2024,0.836100779705222
6164366,2024,0.919051899385522
6236596,2024,0.99935021027746
6878687,2024,0.999347822387927
6943284,2024,0.919719834670986
6966594,2024,0.949528300402487
7320175,2024,0.859277363384816
7373465,2024,0.874236112286314
7473702,2024,0.94693059198419
7573162,2024,0.999354364107308
7580770,2024,0.859228426395703
7711980,2024,0.870875723230483
8028,2025,0.904492526124995
8036,2025,0.904212133825034
8052,2025,0.540072670798726
8923,2025,0.92461151831187
9601,2025,0.738785613380386
9628,2025,0.958069884612134
2022621,2025,0.838857602739319
2022648,2025,0.664084138245277
2023016,2025,0.892909721844872
2023474,2025,0.891921626928388
2023709,2025,0.888686960728909
2024691,2025,0.834369351842258
2024756,2025,0.84743746084474
2025361,2025,0.611193631789573
2025477,2025,0.795577276684218
2025507,2025,0.861032355019731
2025752,2025,0.48490721859231
2026805,2025,0.83029251091417
2027186,2025,0.878586022519653
2027356,2025,0.927510389133648
2028204,2025,0.670156333259964
2028239,2025,0.914193374081304
2028840,2025,0.410477406181881
2040069,2025,0.90978054249531
2058308,2025,0.927382498238002
2058790,2025,0.939021265414081
2065665,2025,0.895309857331197
2066092,2025,0.999351280925326
2066572,2025,0.762840561939207
2069776,2025,0.936512120745473
2071568,2025,0.791784426009597
2075717,2025,0.933493715799083
2075962,2025,0.777840268417636
2076896,2025,0.918647494198221
2076926,2025,0.882733490440747
2077388,2025,0.906081008701979
2077396,2025,0.931182618798541
2077426,2025,0.999350769121053
2077434,2025,0.99934874409264
2077450,2025,0.913968747917695
2077477,2025,0.885459762575673
2077485,2025,0.805846052200394
2077493,2025,0.838731443690469
2077507,2025,0.0654876823905386
2077523,2025,0.839715043311736
2077531,2025,0.200238167793456
2077574,2025,0.99934904586968
2077582,2025,0.749463286677428
2077590,2025,0.545930345061361
2077620,2025,0.999350755628576
2077639,2025,0.944040872876639
2077647,2025,0.802516087980226
2077655,2025,0.364558071771733
2077671,2025,0.999350156937701
2077701,2025,0.760260427938124
2078015,2025,0.949320141499489
2078074,2025,0.880691914325865
2078104,2025,0.999351622962049
2078139,2025,0.686431418221464
2078155,2025,0.542871362600935
2078252,2025,0.823870174584216
2078287,2025,0.999352022230507
2078295,2025,0.894214467853452
2078414,2025,0.818732427141881
2078465,2025,0.280314780855137
2078473,2025,0.917631571684381
2078503,2025,0.889440727577203
2078511,2025,0.781238842439205
2078562,2025,0.999350347615996
2078775,2025,0.807294079426596
2078848,2025,0.870680949512975
2079097,2025,0.846555650790909
2079135,2025,0.876254371056841
2079186,2025,0.936882811727014
2079232,2025,0.83216511073448
2079240,2025,0.511532061636715
2079356,2025,0.767883880921426
2079364,2025,0.929478722031483
2079410,2025,0.808981982499638
2079593,2025,0.919855035804961
2079615,2025,0.941596768052826
2079704,2025,0.862821679518103
2079720,2025,0.809023497009012
2079798,2025,0.892132297091778
2079828,2025,0.999348649070783
2079836,2025,0.811478865522419
2079860,2025,0.902570710512975
2079895,2025,0.80528088757097
2079925,2025,0.878451514842768
2080028,2025,0.927488427981675
2080044,2025,0.713035800250768
2080052,2025,0.908428434823312
2080079,2025,0.885600966639956
2080087,2025,0.895178602923086
2080095,2025,0.864656801515851
2080125,2025,0.79479359713729
2080222,2025,0.6166714854557
2080273,2025,0.999347311389405
2080281,2025,0.884017536438081
2080338,2025,0.999351715698782
2080346,2025,0.824570926750711
2080354,2025,0.340069411079922
2080400,2025,0.758473209579982
2080478,2025,0.847906793421785
2080532,2025,0.523986452849237
2080575,2025,0.139433512331401
2080583,2025,0.930837075204996
2080664,2025,0.878115789841405
2080680,2025,0.999348696542283
2080923,2025,0.770162620544166
2080931,2025,0.899085539571871
2080958,2025,0.843119901905104
2081059,2025,0.927171475787456
2081083,2025,0.999347057992281
2081091,2025,0.852346202282424
2081105,2025,0.785374365153802
2081164,2025,0.779788229797956
2081253,2025,0.65220948518315
2081261,2025,0.857357496463625
2081350,2025,0.866817190339895
2081377,2025,0.859553774378825
2081458,2025,0.846565216130809
2081490,2025,0.895777495492677
2081512,2025,0.82376141833373
2081555,2025,0.869298028990142
2081695,2025,0.999349229232792
2081814,2025,0.844416573205682
2081873,2025,0.804696309948504
2081970,2025,0.841635466781854
2082098,2025,0.913512602327363
2082128,2025,0.777530987091823
2082179,2025,0.741080000715672
2082187,2025,0.94605831409716
2082225,2025,0.999349272225004
2082322,2025,0.832338766323243
2082349,2025,0.940773143150487
2082381,2025,0.897841487451711
2082519,2025,0.856777264315776
2082527,2025,0.877514026690701
2082586,2025,0.863973469606845
2082594,2025,0.886282571246116
2082632,2025,0.772934851241972
2082640,2025,0.825491894417891
2082659,2025,0.903146226318056
2082667,2025,0.892334017345039
2082691,2025,0.801569946059724
2082721,2025,0.896559640513223
2082748,2025,0.896288381767844
2082810,2025,0.741135058612704
2082829,2025,0.919673569281464
2082845,2025,0.840652063723717
2082853,2025,0.734278827175888
2082861,2025,0.920393119714917
2082888,2025,0.826419464306161
2082926,2025,0.82807795838712
2083019,2025,0.999347005896912
2083027,2025,0.832465571979265
2083051,2025,0.811266164214809
2083086,2025,0.797460056647503
2083094,2025,0.76046462349886
2083116,2025,0.536263648595096
2083140,2025,0.729462926323515
2083175,2025,0.900067683629438
2083604,2025,0.750044266215128
2083876,2025,0.951247537352967
2083981,2025,0.999348856753632
2084058,2025,0.805584080592706
2084163,2025,0.999347134088581
2084171,2025,0.830710759333732
2084228,2025,0.732662099167589
2084414,2025,0.86718764766246
2084422,2025,0.839049701020246
2084473,2025,0.94717229004092
2085194,2025,0.712433843071606
2087057,2025,0.76570088170932
2087103,2025,0.792040823260886
2087111,2025,0.715037745357851
2087219,2025,0.930096272052802
2087618,2025,0.917285129949761
2087715,2025,0.936431190371862
2087804,2025,0.999350178012266
2088193,2025,0.866760159858316
2088487,2025,0.698821102174522
2088495,2025,0.664961513127905
2088525,2025,0.830980183799739
2088576,2025,0.999346377373597
2089327,2025,0.780840139204801
2089335,2025,0.80471642858304
2089785,2025,0.699317299370205
2090236,2025,0.914324767560259
2090961,2025,0.630769136766852
2091267,2025,0.852696570480354
2091313,2025,0.704879934838397
2091399,2025,0.892374110995529
2091585,2025,0.999351786797409
2091755,2025,0.999348559672272
2092298,2025,0.90942705275946
2092611,2025,0.804160030183098
2093324,2025,0.86868003604538
2093332,2025,0.814611872851433
2096412,2025,0.88468351520658
2096463,2025,0.722127887179961
2096498,2025,0.891365183232969
2097613,2025,0.493836800771172
2097877,2025,0.828150920948252
2688433,2025,0.905996114682908
2688573,2025,0.849191785956744
2688689,2025,0.815504291896638
2698374,2025,0.896728403380348
2698471,2025,0.637711465027231
2699915,2025,0.902160812797273
2702193,2025,0.90815704710348
2704900,2025,0.790194535524886
2705222,2025,0.854436611559907
2705982,2025,0.904364694304037
2708566,2025,0.0500331202084123
2708779,2025,0.909041277544717
2716097,2025,0.925072633337311
2745798,2025,0.87657991070467
2748029,2025,0.61794914213116
2748223,2025,0.892403454537385
2748568,2025,0.782619737766691
2749319,2025,0.881972155260305
2750511,2025,0.999348182352245
2750546,2025,0.999349385635738
2750988,2025,0.529307775943277
2751003,2025,0.850340245372684
2751038,2025,0.871234920098777
2751046,2025,0.910795365566043
2751623,2025,0.655095710155611
2751704,2025,0.72778266214769
2754843,2025,0.882622667131188
2755092,2025,0.793030623942305
2755130,2025,0.9993526394258
2758245,2025,0.895136992907877
2765934,2025,0.871214360184989
2765942,2025,0.822996021936283
2772310,2025,0.774052191901544
2774720,2025,0.86120221007829
2784602,2025,0.923785342139526
2785188,2025,0.932613794085471
2785382,2025,0.702453373575055
2786435,2025,0.917974792130802
2786680,2025,0.913059949899996
2790556,2025,0.999346415525523
2790564,2025,0.426700714299294
2790580,2025,0.999351654377939
2790602,2025,0.999349017156295
2790610,2025,0.860913543389782
2790637,2025,0.936738212121373
2790734,2025,0.937957506425855
2791676,2025,0.88456988097959
2791692,2025,0.820391674022624
2791722,2025,0.847895226123179
2791749,2025,0.780017369374806
2792141,2025,0.99935345313765
2792168,2025,0.999351729045009
2792176,2025,0.999351942377117
2798298,2025,0.9038630787196
3012212,2025,0.946899630922132
3021378,2025,0.841869713434626
3028399,2025,0.999348093475549
3126838,2025,0.999345330595917
3139050,2025,0.936658180519338
3212130,2025,0.948015492967985
3774554,2025,0.932863614404754
4049020,2025,0.828354846865346
5200105,2025,0.935800460844058
5366828,2025,0.885152579029166
5420938,2025,0.952800632107236
5586348,2025,0.860162192007245
5718368,2025,0.963462165649769
5860490,2025,0.698297164937476
5935857,2025,0.936594202089276
6020917,2025,0.917422180348292
6053858,2025,0.921132612492383
6095666,2025,0.954546820319816
6123740,2025,0.835461613913421
6164366,2025,0.909788858681515
6236596,2025,0.999349188277809
6878687,2025,0.999347442009889
6943284,2025,0.925930179917951
6966594,2025,0.953601440208448
7320175,2025,0.813438675586812
7373465,2025,0.913063676196953
7473702,2025,0.939608772674354
7573162,2025,0.999352239158208
7580770,2025,0.873918192545334
7711980,2025,0.857731898427293
